-- Adminer 4.8.1 MySQL 8.0.25-0ubuntu0.20.10.1 dump

SET NAMES utf8;
SET time_zone = '+00:00';
SET foreign_key_checks = 0;
SET sql_mode = 'NO_AUTO_VALUE_ON_ZERO';

SET NAMES utf8mb4;

DROP TABLE IF EXISTS `announcements`;
CREATE TABLE `announcements` (
  `id` bigint unsigned NOT NULL AUTO_INCREMENT,
  `user_id` int unsigned NOT NULL,
  `title` varchar(191) COLLATE utf8mb4_unicode_ci NOT NULL,
  `body` text COLLATE utf8mb4_unicode_ci NOT NULL,
  `created_at` timestamp NULL DEFAULT NULL,
  `updated_at` timestamp NULL DEFAULT NULL,
  PRIMARY KEY (`id`),
  KEY `announcements_user_id_foreign` (`user_id`),
  CONSTRAINT `announcements_user_id_foreign` FOREIGN KEY (`user_id`) REFERENCES `users` (`id`) ON DELETE CASCADE
) ENGINE=InnoDB DEFAULT CHARSET=utf8mb4 COLLATE=utf8mb4_unicode_ci;


DROP TABLE IF EXISTS `countries`;
CREATE TABLE `countries` (
  `id` int unsigned NOT NULL AUTO_INCREMENT,
  `capital` varchar(255) COLLATE utf8mb4_unicode_ci DEFAULT NULL,
  `citizenship` varchar(255) COLLATE utf8mb4_unicode_ci DEFAULT NULL,
  `country_code` varchar(3) COLLATE utf8mb4_unicode_ci NOT NULL DEFAULT '',
  `currency` varchar(255) COLLATE utf8mb4_unicode_ci DEFAULT NULL,
  `currency_code` varchar(255) COLLATE utf8mb4_unicode_ci DEFAULT NULL,
  `currency_sub_unit` varchar(255) COLLATE utf8mb4_unicode_ci DEFAULT NULL,
  `currency_symbol` varchar(3) COLLATE utf8mb4_unicode_ci DEFAULT NULL,
  `full_name` varchar(255) COLLATE utf8mb4_unicode_ci DEFAULT NULL,
  `iso_3166_2` varchar(2) COLLATE utf8mb4_unicode_ci NOT NULL DEFAULT '',
  `iso_3166_3` varchar(3) COLLATE utf8mb4_unicode_ci NOT NULL DEFAULT '',
  `name` varchar(255) COLLATE utf8mb4_unicode_ci NOT NULL DEFAULT '',
  `region_code` varchar(3) COLLATE utf8mb4_unicode_ci NOT NULL DEFAULT '',
  `sub_region_code` varchar(3) COLLATE utf8mb4_unicode_ci NOT NULL DEFAULT '',
  `eea` tinyint(1) NOT NULL DEFAULT '0',
  `calling_code` varchar(3) COLLATE utf8mb4_unicode_ci DEFAULT NULL,
  `flag` varchar(6) COLLATE utf8mb4_unicode_ci DEFAULT NULL,
  PRIMARY KEY (`id`)
) ENGINE=InnoDB DEFAULT CHARSET=utf8mb4 COLLATE=utf8mb4_unicode_ci;

INSERT INTO `countries` (`id`, `capital`, `citizenship`, `country_code`, `currency`, `currency_code`, `currency_sub_unit`, `currency_symbol`, `full_name`, `iso_3166_2`, `iso_3166_3`, `name`, `region_code`, `sub_region_code`, `eea`, `calling_code`, `flag`) VALUES
(4,	'Kabul',	'Afghan',	'004',	'afghani',	'AFN',	'pul',	'؋',	'Islamic Republic of Afghanistan',	'AF',	'AFG',	'Afghanistan',	'142',	'034',	0,	'93',	'AF.png'),
(8,	'Tirana',	'Albanian',	'008',	'lek',	'ALL',	'(qindar (pl. qindarka))',	'Lek',	'Republic of Albania',	'AL',	'ALB',	'Albania',	'150',	'039',	0,	'355',	'AL.png'),
(10,	'Antartica',	'of Antartica',	'010',	'',	'',	'',	'',	'Antarctica',	'AQ',	'ATA',	'Antarctica',	'',	'',	0,	'672',	'AQ.png'),
(12,	'Algiers',	'Algerian',	'012',	'Algerian dinar',	'DZD',	'centime',	'DZD',	'People’s Democratic Republic of Algeria',	'DZ',	'DZA',	'Algeria',	'002',	'015',	0,	'213',	'DZ.png'),
(16,	'Pago Pago',	'American Samoan',	'016',	'US dollar',	'USD',	'cent',	'$',	'Territory of American',	'AS',	'ASM',	'American Samoa',	'009',	'061',	0,	'1',	'AS.png'),
(20,	'Andorra la Vella',	'Andorran',	'020',	'euro',	'EUR',	'cent',	'€',	'Principality of Andorra',	'AD',	'AND',	'Andorra',	'150',	'039',	0,	'376',	'AD.png'),
(24,	'Luanda',	'Angolan',	'024',	'kwanza',	'AOA',	'cêntimo',	'Kz',	'Republic of Angola',	'AO',	'AGO',	'Angola',	'002',	'017',	0,	'244',	'AO.png'),
(28,	'St John’s',	'of Antigua and Barbuda',	'028',	'East Caribbean dollar',	'XCD',	'cent',	'$',	'Antigua and Barbuda',	'AG',	'ATG',	'Antigua and Barbuda',	'019',	'029',	0,	'1',	'AG.png'),
(31,	'Baku',	'Azerbaijani',	'031',	'Azerbaijani manat',	'AZN',	'kepik (inv.)',	'ман',	'Republic of Azerbaijan',	'AZ',	'AZE',	'Azerbaijan',	'142',	'145',	0,	'994',	'AZ.png'),
(32,	'Buenos Aires',	'Argentinian',	'032',	'Argentine peso',	'ARS',	'centavo',	'$',	'Argentine Republic',	'AR',	'ARG',	'Argentina',	'019',	'005',	0,	'54',	'AR.png'),
(36,	'Canberra',	'Australian',	'036',	'Australian dollar',	'AUD',	'cent',	'$',	'Commonwealth of Australia',	'AU',	'AUS',	'Australia',	'009',	'053',	0,	'61',	'AU.png'),
(40,	'Vienna',	'Austrian',	'040',	'euro',	'EUR',	'cent',	'€',	'Republic of Austria',	'AT',	'AUT',	'Austria',	'150',	'155',	1,	'43',	'AT.png'),
(44,	'Nassau',	'Bahamian',	'044',	'Bahamian dollar',	'BSD',	'cent',	'$',	'Commonwealth of the Bahamas',	'BS',	'BHS',	'Bahamas',	'019',	'029',	0,	'1',	'BS.png'),
(48,	'Manama',	'Bahraini',	'048',	'Bahraini dinar',	'BHD',	'fils (inv.)',	'BHD',	'Kingdom of Bahrain',	'BH',	'BHR',	'Bahrain',	'142',	'145',	0,	'973',	'BH.png'),
(50,	'Dhaka',	'Bangladeshi',	'050',	'taka (inv.)',	'BDT',	'poisha (inv.)',	'BDT',	'People’s Republic of Bangladesh',	'BD',	'BGD',	'Bangladesh',	'142',	'034',	0,	'880',	'BD.png'),
(51,	'Yerevan',	'Armenian',	'051',	'dram (inv.)',	'AMD',	'luma',	'AMD',	'Republic of Armenia',	'AM',	'ARM',	'Armenia',	'142',	'145',	0,	'374',	'AM.png'),
(52,	'Bridgetown',	'Barbadian',	'052',	'Barbados dollar',	'BBD',	'cent',	'$',	'Barbados',	'BB',	'BRB',	'Barbados',	'019',	'029',	0,	'1',	'BB.png'),
(56,	'Brussels',	'Belgian',	'056',	'euro',	'EUR',	'cent',	'€',	'Kingdom of Belgium',	'BE',	'BEL',	'Belgium',	'150',	'155',	1,	'32',	'BE.png'),
(60,	'Hamilton',	'Bermudian',	'060',	'Bermuda dollar',	'BMD',	'cent',	'$',	'Bermuda',	'BM',	'BMU',	'Bermuda',	'019',	'021',	0,	'1',	'BM.png'),
(64,	'Thimphu',	'Bhutanese',	'064',	'ngultrum (inv.)',	'BTN',	'chhetrum (inv.)',	'BTN',	'Kingdom of Bhutan',	'BT',	'BTN',	'Bhutan',	'142',	'034',	0,	'975',	'BT.png'),
(68,	'Sucre (BO1)',	'Bolivian',	'068',	'boliviano',	'BOB',	'centavo',	'$b',	'Plurinational State of Bolivia',	'BO',	'BOL',	'Bolivia, Plurinational State of',	'019',	'005',	0,	'591',	'BO.png'),
(70,	'Sarajevo',	'of Bosnia and Herzegovina',	'070',	'convertible mark',	'BAM',	'fening',	'KM',	'Bosnia and Herzegovina',	'BA',	'BIH',	'Bosnia and Herzegovina',	'150',	'039',	0,	'387',	'BA.png'),
(72,	'Gaborone',	'Botswanan',	'072',	'pula (inv.)',	'BWP',	'thebe (inv.)',	'P',	'Republic of Botswana',	'BW',	'BWA',	'Botswana',	'002',	'018',	0,	'267',	'BW.png'),
(74,	'Bouvet island',	'of Bouvet island',	'074',	'',	'',	'',	'kr',	'Bouvet Island',	'BV',	'BVT',	'Bouvet Island',	'',	'',	0,	'47',	'BV.png'),
(76,	'Brasilia',	'Brazilian',	'076',	'real (pl. reais)',	'BRL',	'centavo',	'R$',	'Federative Republic of Brazil',	'BR',	'BRA',	'Brazil',	'019',	'005',	0,	'55',	'BR.png'),
(84,	'Belmopan',	'Belizean',	'084',	'Belize dollar',	'BZD',	'cent',	'BZ$',	'Belize',	'BZ',	'BLZ',	'Belize',	'019',	'013',	0,	'501',	'BZ.png'),
(86,	'Diego Garcia',	'Changosian',	'086',	'US dollar',	'USD',	'cent',	'$',	'British Indian Ocean Territory',	'IO',	'IOT',	'British Indian Ocean Territory',	'',	'',	0,	'246',	'IO.png'),
(90,	'Honiara',	'Solomon Islander',	'090',	'Solomon Islands dollar',	'SBD',	'cent',	'$',	'Solomon Islands',	'SB',	'SLB',	'Solomon Islands',	'009',	'054',	0,	'677',	'SB.png'),
(92,	'Road Town',	'British Virgin Islander;',	'092',	'US dollar',	'USD',	'cent',	'$',	'British Virgin Islands',	'VG',	'VGB',	'Virgin Islands, British',	'019',	'029',	0,	'1',	'VG.png'),
(96,	'Bandar Seri Begawan',	'Bruneian',	'096',	'Brunei dollar',	'BND',	'sen (inv.)',	'$',	'Brunei Darussalam',	'BN',	'BRN',	'Brunei Darussalam',	'142',	'035',	0,	'673',	'BN.png'),
(100,	'Sofia',	'Bulgarian',	'100',	'lev (pl. leva)',	'BGN',	'stotinka',	'лв',	'Republic of Bulgaria',	'BG',	'BGR',	'Bulgaria',	'150',	'151',	1,	'359',	'BG.png'),
(104,	'Yangon',	'Burmese',	'104',	'kyat',	'MMK',	'pya',	'K',	'Union of Myanmar/',	'MM',	'MMR',	'Myanmar',	'142',	'035',	0,	'95',	'MM.png'),
(108,	'Bujumbura',	'Burundian',	'108',	'Burundi franc',	'BIF',	'centime',	'BIF',	'Republic of Burundi',	'BI',	'BDI',	'Burundi',	'002',	'014',	0,	'257',	'BI.png'),
(112,	'Minsk',	'Belarusian',	'112',	'Belarusian rouble',	'BYR',	'kopek',	'p.',	'Republic of Belarus',	'BY',	'BLR',	'Belarus',	'150',	'151',	0,	'375',	'BY.png'),
(116,	'Phnom Penh',	'Cambodian',	'116',	'riel',	'KHR',	'sen (inv.)',	'៛',	'Kingdom of Cambodia',	'KH',	'KHM',	'Cambodia',	'142',	'035',	0,	'855',	'KH.png'),
(120,	'Yaoundé',	'Cameroonian',	'120',	'CFA franc (BEAC)',	'XAF',	'centime',	'FCF',	'Republic of Cameroon',	'CM',	'CMR',	'Cameroon',	'002',	'017',	0,	'237',	'CM.png'),
(124,	'Ottawa',	'Canadian',	'124',	'Canadian dollar',	'CAD',	'cent',	'$',	'Canada',	'CA',	'CAN',	'Canada',	'019',	'021',	0,	'1',	'CA.png'),
(132,	'Praia',	'Cape Verdean',	'132',	'Cape Verde escudo',	'CVE',	'centavo',	'CVE',	'Republic of Cape Verde',	'CV',	'CPV',	'Cape Verde',	'002',	'011',	0,	'238',	'CV.png'),
(136,	'George Town',	'Caymanian',	'136',	'Cayman Islands dollar',	'KYD',	'cent',	'$',	'Cayman Islands',	'KY',	'CYM',	'Cayman Islands',	'019',	'029',	0,	'1',	'KY.png'),
(140,	'Bangui',	'Central African',	'140',	'CFA franc (BEAC)',	'XAF',	'centime',	'CFA',	'Central African Republic',	'CF',	'CAF',	'Central African Republic',	'002',	'017',	0,	'236',	'CF.png'),
(144,	'Colombo',	'Sri Lankan',	'144',	'Sri Lankan rupee',	'LKR',	'cent',	'₨',	'Democratic Socialist Republic of Sri Lanka',	'LK',	'LKA',	'Sri Lanka',	'142',	'034',	0,	'94',	'LK.png'),
(148,	'N’Djamena',	'Chadian',	'148',	'CFA franc (BEAC)',	'XAF',	'centime',	'XAF',	'Republic of Chad',	'TD',	'TCD',	'Chad',	'002',	'017',	0,	'235',	'TD.png'),
(152,	'Santiago',	'Chilean',	'152',	'Chilean peso',	'CLP',	'centavo',	'CLP',	'Republic of Chile',	'CL',	'CHL',	'Chile',	'019',	'005',	0,	'56',	'CL.png'),
(156,	'Beijing',	'Chinese',	'156',	'renminbi-yuan (inv.)',	'CNY',	'jiao (10)',	'¥',	'People’s Republic of China',	'CN',	'CHN',	'China',	'142',	'030',	0,	'86',	'CN.png'),
(158,	'Taipei',	'Taiwanese',	'158',	'new Taiwan dollar',	'TWD',	'fen (inv.)',	'NT$',	'Republic of China, Taiwan (TW1)',	'TW',	'TWN',	'Taiwan, Province of China',	'142',	'030',	0,	'886',	'TW.png'),
(162,	'Flying Fish Cove',	'Christmas Islander',	'162',	'Australian dollar',	'AUD',	'cent',	'$',	'Christmas Island Territory',	'CX',	'CXR',	'Christmas Island',	'',	'',	0,	'61',	'CX.png'),
(166,	'Bantam',	'Cocos Islander',	'166',	'Australian dollar',	'AUD',	'cent',	'$',	'Territory of Cocos (Keeling) Islands',	'CC',	'CCK',	'Cocos (Keeling) Islands',	'',	'',	0,	'61',	'CC.png'),
(170,	'Santa Fe de Bogotá',	'Colombian',	'170',	'Colombian peso',	'COP',	'centavo',	'$',	'Republic of Colombia',	'CO',	'COL',	'Colombia',	'019',	'005',	0,	'57',	'CO.png'),
(174,	'Moroni',	'Comorian',	'174',	'Comorian franc',	'KMF',	'',	'KMF',	'Union of the Comoros',	'KM',	'COM',	'Comoros',	'002',	'014',	0,	'269',	'KM.png'),
(175,	'Mamoudzou',	'Mahorais',	'175',	'euro',	'EUR',	'cent',	'€',	'Departmental Collectivity of Mayotte',	'YT',	'MYT',	'Mayotte',	'002',	'014',	0,	'262',	'YT.png'),
(178,	'Brazzaville',	'Congolese',	'178',	'CFA franc (BEAC)',	'XAF',	'centime',	'FCF',	'Republic of the Congo',	'CG',	'COG',	'Congo',	'002',	'017',	0,	'242',	'CG.png'),
(180,	'Kinshasa',	'Congolese',	'180',	'Congolese franc',	'CDF',	'centime',	'CDF',	'Democratic Republic of the Congo',	'CD',	'COD',	'Congo, the Democratic Republic of the',	'002',	'017',	0,	'243',	'CD.png'),
(184,	'Avarua',	'Cook Islander',	'184',	'New Zealand dollar',	'NZD',	'cent',	'$',	'Cook Islands',	'CK',	'COK',	'Cook Islands',	'009',	'061',	0,	'682',	'CK.png'),
(188,	'San José',	'Costa Rican',	'188',	'Costa Rican colón (pl. colones)',	'CRC',	'céntimo',	'₡',	'Republic of Costa Rica',	'CR',	'CRI',	'Costa Rica',	'019',	'013',	0,	'506',	'CR.png'),
(191,	'Zagreb',	'Croatian',	'191',	'kuna (inv.)',	'HRK',	'lipa (inv.)',	'kn',	'Republic of Croatia',	'HR',	'HRV',	'Croatia',	'150',	'039',	1,	'385',	'HR.png'),
(192,	'Havana',	'Cuban',	'192',	'Cuban peso',	'CUP',	'centavo',	'₱',	'Republic of Cuba',	'CU',	'CUB',	'Cuba',	'019',	'029',	0,	'53',	'CU.png'),
(196,	'Nicosia',	'Cypriot',	'196',	'euro',	'EUR',	'cent',	'CYP',	'Republic of Cyprus',	'CY',	'CYP',	'Cyprus',	'142',	'145',	1,	'357',	'CY.png'),
(203,	'Prague',	'Czech',	'203',	'Czech koruna (pl. koruny)',	'CZK',	'halér',	'Kč',	'Czech Republic',	'CZ',	'CZE',	'Czech Republic',	'150',	'151',	1,	'420',	'CZ.png'),
(204,	'Porto Novo (BJ1)',	'Beninese',	'204',	'CFA franc (BCEAO)',	'XOF',	'centime',	'XOF',	'Republic of Benin',	'BJ',	'BEN',	'Benin',	'002',	'011',	0,	'229',	'BJ.png'),
(208,	'Copenhagen',	'Danish',	'208',	'Danish krone',	'DKK',	'øre (inv.)',	'kr',	'Kingdom of Denmark',	'DK',	'DNK',	'Denmark',	'150',	'154',	1,	'45',	'DK.png'),
(212,	'Roseau',	'Dominican',	'212',	'East Caribbean dollar',	'XCD',	'cent',	'$',	'Commonwealth of Dominica',	'DM',	'DMA',	'Dominica',	'019',	'029',	0,	'1',	'DM.png'),
(214,	'Santo Domingo',	'Dominican',	'214',	'Dominican peso',	'DOP',	'centavo',	'RD$',	'Dominican Republic',	'DO',	'DOM',	'Dominican Republic',	'019',	'029',	0,	'1',	'DO.png'),
(218,	'Quito',	'Ecuadorian',	'218',	'US dollar',	'USD',	'cent',	'$',	'Republic of Ecuador',	'EC',	'ECU',	'Ecuador',	'019',	'005',	0,	'593',	'EC.png'),
(222,	'San Salvador',	'Salvadoran',	'222',	'Salvadorian colón (pl. colones)',	'SVC',	'centavo',	'$',	'Republic of El Salvador',	'SV',	'SLV',	'El Salvador',	'019',	'013',	0,	'503',	'SV.png'),
(226,	'Malabo',	'Equatorial Guinean',	'226',	'CFA franc (BEAC)',	'XAF',	'centime',	'FCF',	'Republic of Equatorial Guinea',	'GQ',	'GNQ',	'Equatorial Guinea',	'002',	'017',	0,	'240',	'GQ.png'),
(231,	'Addis Ababa',	'Ethiopian',	'231',	'birr (inv.)',	'ETB',	'cent',	'ETB',	'Federal Democratic Republic of Ethiopia',	'ET',	'ETH',	'Ethiopia',	'002',	'014',	0,	'251',	'ET.png'),
(232,	'Asmara',	'Eritrean',	'232',	'nakfa',	'ERN',	'cent',	'Nfk',	'State of Eritrea',	'ER',	'ERI',	'Eritrea',	'002',	'014',	0,	'291',	'ER.png'),
(233,	'Tallinn',	'Estonian',	'233',	'euro',	'EUR',	'cent',	'kr',	'Republic of Estonia',	'EE',	'EST',	'Estonia',	'150',	'154',	1,	'372',	'EE.png'),
(234,	'Tórshavn',	'Faeroese',	'234',	'Danish krone',	'DKK',	'øre (inv.)',	'kr',	'Faeroe Islands',	'FO',	'FRO',	'Faroe Islands',	'150',	'154',	0,	'298',	'FO.png'),
(238,	'Stanley',	'Falkland Islander',	'238',	'Falkland Islands pound',	'FKP',	'new penny',	'£',	'Falkland Islands',	'FK',	'FLK',	'Falkland Islands (Malvinas)',	'019',	'005',	0,	'500',	'FK.png'),
(239,	'King Edward Point (Grytviken)',	'of South Georgia and the South Sandwich Islands',	'239',	'',	'',	'',	'£',	'South Georgia and the South Sandwich Islands',	'GS',	'SGS',	'South Georgia and the South Sandwich Islands',	'',	'',	0,	'44',	'GS.png'),
(242,	'Suva',	'Fijian',	'242',	'Fiji dollar',	'FJD',	'cent',	'$',	'Republic of Fiji',	'FJ',	'FJI',	'Fiji',	'009',	'054',	0,	'679',	'FJ.png'),
(246,	'Helsinki',	'Finnish',	'246',	'euro',	'EUR',	'cent',	'€',	'Republic of Finland',	'FI',	'FIN',	'Finland',	'150',	'154',	1,	'358',	'FI.png'),
(248,	'Mariehamn',	'Åland Islander',	'248',	'euro',	'EUR',	'cent',	NULL,	'Åland Islands',	'AX',	'ALA',	'Åland Islands',	'150',	'154',	0,	'358',	NULL),
(250,	'Paris',	'French',	'250',	'euro',	'EUR',	'cent',	'€',	'French Republic',	'FR',	'FRA',	'France',	'150',	'155',	1,	'33',	'FR.png'),
(254,	'Cayenne',	'Guianese',	'254',	'euro',	'EUR',	'cent',	'€',	'French Guiana',	'GF',	'GUF',	'French Guiana',	'019',	'005',	0,	'594',	'GF.png'),
(258,	'Papeete',	'Polynesian',	'258',	'CFP franc',	'XPF',	'centime',	'XPF',	'French Polynesia',	'PF',	'PYF',	'French Polynesia',	'009',	'061',	0,	'689',	'PF.png'),
(260,	'Port-aux-Francais',	'of French Southern and Antarctic Lands',	'260',	'euro',	'EUR',	'cent',	'€',	'French Southern and Antarctic Lands',	'TF',	'ATF',	'French Southern Territories',	'',	'',	0,	'33',	'TF.png'),
(262,	'Djibouti',	'Djiboutian',	'262',	'Djibouti franc',	'DJF',	'',	'DJF',	'Republic of Djibouti',	'DJ',	'DJI',	'Djibouti',	'002',	'014',	0,	'253',	'DJ.png'),
(266,	'Libreville',	'Gabonese',	'266',	'CFA franc (BEAC)',	'XAF',	'centime',	'FCF',	'Gabonese Republic',	'GA',	'GAB',	'Gabon',	'002',	'017',	0,	'241',	'GA.png'),
(268,	'Tbilisi',	'Georgian',	'268',	'lari',	'GEL',	'tetri (inv.)',	'GEL',	'Georgia',	'GE',	'GEO',	'Georgia',	'142',	'145',	0,	'995',	'GE.png'),
(270,	'Banjul',	'Gambian',	'270',	'dalasi (inv.)',	'GMD',	'butut',	'D',	'Republic of the Gambia',	'GM',	'GMB',	'Gambia',	'002',	'011',	0,	'220',	'GM.png'),
(275,	NULL,	'Palestinian',	'275',	NULL,	NULL,	NULL,	'₪',	NULL,	'PS',	'PSE',	'Palestinian Territory, Occupied',	'142',	'145',	0,	'970',	'PS.png'),
(276,	'Berlin',	'German',	'276',	'euro',	'EUR',	'cent',	'€',	'Federal Republic of Germany',	'DE',	'DEU',	'Germany',	'150',	'155',	1,	'49',	'DE.png'),
(288,	'Accra',	'Ghanaian',	'288',	'Ghana cedi',	'GHS',	'pesewa',	'¢',	'Republic of Ghana',	'GH',	'GHA',	'Ghana',	'002',	'011',	0,	'233',	'GH.png'),
(292,	'Gibraltar',	'Gibraltarian',	'292',	'Gibraltar pound',	'GIP',	'penny',	'£',	'Gibraltar',	'GI',	'GIB',	'Gibraltar',	'150',	'039',	0,	'350',	'GI.png'),
(296,	'Tarawa',	'Kiribatian',	'296',	'Australian dollar',	'AUD',	'cent',	'$',	'Republic of Kiribati',	'KI',	'KIR',	'Kiribati',	'009',	'057',	0,	'686',	'KI.png'),
(300,	'Athens',	'Greek',	'300',	'euro',	'EUR',	'cent',	'€',	'Hellenic Republic',	'GR',	'GRC',	'Greece',	'150',	'039',	1,	'30',	'GR.png'),
(304,	'Nuuk',	'Greenlander',	'304',	'Danish krone',	'DKK',	'øre (inv.)',	'kr',	'Greenland',	'GL',	'GRL',	'Greenland',	'019',	'021',	0,	'299',	'GL.png'),
(308,	'St George’s',	'Grenadian',	'308',	'East Caribbean dollar',	'XCD',	'cent',	'$',	'Grenada',	'GD',	'GRD',	'Grenada',	'019',	'029',	0,	'1',	'GD.png'),
(312,	'Basse Terre',	'Guadeloupean',	'312',	'euro',	'EUR',	'cent',	'€',	'Guadeloupe',	'GP',	'GLP',	'Guadeloupe',	'019',	'029',	0,	'590',	'GP.png'),
(316,	'Agaña (Hagåtña)',	'Guamanian',	'316',	'US dollar',	'USD',	'cent',	'$',	'Territory of Guam',	'GU',	'GUM',	'Guam',	'009',	'057',	0,	'1',	'GU.png'),
(320,	'Guatemala City',	'Guatemalan',	'320',	'quetzal (pl. quetzales)',	'GTQ',	'centavo',	'Q',	'Republic of Guatemala',	'GT',	'GTM',	'Guatemala',	'019',	'013',	0,	'502',	'GT.png'),
(324,	'Conakry',	'Guinean',	'324',	'Guinean franc',	'GNF',	'',	'GNF',	'Republic of Guinea',	'GN',	'GIN',	'Guinea',	'002',	'011',	0,	'224',	'GN.png'),
(328,	'Georgetown',	'Guyanese',	'328',	'Guyana dollar',	'GYD',	'cent',	'$',	'Cooperative Republic of Guyana',	'GY',	'GUY',	'Guyana',	'019',	'005',	0,	'592',	'GY.png'),
(332,	'Port-au-Prince',	'Haitian',	'332',	'gourde',	'HTG',	'centime',	'G',	'Republic of Haiti',	'HT',	'HTI',	'Haiti',	'019',	'029',	0,	'509',	'HT.png'),
(334,	'Territory of Heard Island and McDonald Islands',	'of Territory of Heard Island and McDonald Islands',	'334',	'',	'',	'',	'$',	'Territory of Heard Island and McDonald Islands',	'HM',	'HMD',	'Heard Island and McDonald Islands',	'',	'',	0,	'61',	'HM.png'),
(336,	'Vatican City',	'of the Holy See/of the Vatican',	'336',	'euro',	'EUR',	'cent',	'€',	'the Holy See/ Vatican City State',	'VA',	'VAT',	'Holy See (Vatican City State)',	'150',	'039',	0,	'39',	'VA.png'),
(340,	'Tegucigalpa',	'Honduran',	'340',	'lempira',	'HNL',	'centavo',	'L',	'Republic of Honduras',	'HN',	'HND',	'Honduras',	'019',	'013',	0,	'504',	'HN.png'),
(344,	'(HK3)',	'Hong Kong Chinese',	'344',	'Hong Kong dollar',	'HKD',	'cent',	'$',	'Hong Kong Special Administrative Region of the People’s Republic of China (HK2)',	'HK',	'HKG',	'Hong Kong',	'142',	'030',	0,	'852',	'HK.png'),
(348,	'Budapest',	'Hungarian',	'348',	'forint (inv.)',	'HUF',	'(fillér (inv.))',	'Ft',	'Republic of Hungary',	'HU',	'HUN',	'Hungary',	'150',	'151',	1,	'36',	'HU.png'),
(352,	'Reykjavik',	'Icelander',	'352',	'króna (pl. krónur)',	'ISK',	'',	'kr',	'Republic of Iceland',	'IS',	'ISL',	'Iceland',	'150',	'154',	0,	'354',	'IS.png'),
(356,	'New Delhi',	'Indian',	'356',	'Indian rupee',	'INR',	'paisa',	'₹',	'Republic of India',	'IN',	'IND',	'India',	'142',	'034',	0,	'91',	'IN.png'),
(360,	'Jakarta',	'Indonesian',	'360',	'Indonesian rupiah (inv.)',	'IDR',	'sen (inv.)',	'Rp',	'Republic of Indonesia',	'ID',	'IDN',	'Indonesia',	'142',	'035',	0,	'62',	'ID.png'),
(364,	'Tehran',	'Iranian',	'364',	'Iranian rial',	'IRR',	'(dinar) (IR1)',	'﷼',	'Islamic Republic of Iran',	'IR',	'IRN',	'Iran, Islamic Republic of',	'142',	'034',	0,	'98',	'IR.png'),
(368,	'Baghdad',	'Iraqi',	'368',	'Iraqi dinar',	'IQD',	'fils (inv.)',	'IQD',	'Republic of Iraq',	'IQ',	'IRQ',	'Iraq',	'142',	'145',	0,	'964',	'IQ.png'),
(372,	'Dublin',	'Irish',	'372',	'euro',	'EUR',	'cent',	'€',	'Ireland (IE1)',	'IE',	'IRL',	'Ireland',	'150',	'154',	1,	'353',	'IE.png'),
(376,	'(IL1)',	'Israeli',	'376',	'shekel',	'ILS',	'agora',	'₪',	'State of Israel',	'IL',	'ISR',	'Israel',	'142',	'145',	0,	'972',	'IL.png'),
(380,	'Rome',	'Italian',	'380',	'euro',	'EUR',	'cent',	'€',	'Italian Republic',	'IT',	'ITA',	'Italy',	'150',	'039',	1,	'39',	'IT.png'),
(384,	'Yamoussoukro (CI1)',	'Ivorian',	'384',	'CFA franc (BCEAO)',	'XOF',	'centime',	'XOF',	'Republic of Côte d’Ivoire',	'CI',	'CIV',	'Côte d\'Ivoire',	'002',	'011',	0,	'225',	'CI.png'),
(388,	'Kingston',	'Jamaican',	'388',	'Jamaica dollar',	'JMD',	'cent',	'$',	'Jamaica',	'JM',	'JAM',	'Jamaica',	'019',	'029',	0,	'1',	'JM.png'),
(392,	'Tokyo',	'Japanese',	'392',	'yen (inv.)',	'JPY',	'(sen (inv.)) (JP1)',	'¥',	'Japan',	'JP',	'JPN',	'Japan',	'142',	'030',	0,	'81',	'JP.png'),
(398,	'Astana',	'Kazakh',	'398',	'tenge (inv.)',	'KZT',	'tiyn',	'лв',	'Republic of Kazakhstan',	'KZ',	'KAZ',	'Kazakhstan',	'142',	'143',	0,	'7',	'KZ.png'),
(400,	'Amman',	'Jordanian',	'400',	'Jordanian dinar',	'JOD',	'100 qirsh',	'JOD',	'Hashemite Kingdom of Jordan',	'JO',	'JOR',	'Jordan',	'142',	'145',	0,	'962',	'JO.png'),
(404,	'Nairobi',	'Kenyan',	'404',	'Kenyan shilling',	'KES',	'cent',	'KES',	'Republic of Kenya',	'KE',	'KEN',	'Kenya',	'002',	'014',	0,	'254',	'KE.png'),
(408,	'Pyongyang',	'North Korean',	'408',	'North Korean won (inv.)',	'KPW',	'chun (inv.)',	'₩',	'Democratic People’s Republic of Korea',	'KP',	'PRK',	'Korea, Democratic People\'s Republic of',	'142',	'030',	0,	'850',	'KP.png'),
(410,	'Seoul',	'South Korean',	'410',	'South Korean won (inv.)',	'KRW',	'(chun (inv.))',	'₩',	'Republic of Korea',	'KR',	'KOR',	'Korea, Republic of',	'142',	'030',	0,	'82',	'KR.png'),
(414,	'Kuwait City',	'Kuwaiti',	'414',	'Kuwaiti dinar',	'KWD',	'fils (inv.)',	'KWD',	'State of Kuwait',	'KW',	'KWT',	'Kuwait',	'142',	'145',	0,	'965',	'KW.png'),
(417,	'Bishkek',	'Kyrgyz',	'417',	'som',	'KGS',	'tyiyn',	'лв',	'Kyrgyz Republic',	'KG',	'KGZ',	'Kyrgyzstan',	'142',	'143',	0,	'996',	'KG.png'),
(418,	'Vientiane',	'Lao',	'418',	'kip (inv.)',	'LAK',	'(at (inv.))',	'₭',	'Lao People’s Democratic Republic',	'LA',	'LAO',	'Lao People\'s Democratic Republic',	'142',	'035',	0,	'856',	'LA.png'),
(422,	'Beirut',	'Lebanese',	'422',	'Lebanese pound',	'LBP',	'(piastre)',	'£',	'Lebanese Republic',	'LB',	'LBN',	'Lebanon',	'142',	'145',	0,	'961',	'LB.png'),
(426,	'Maseru',	'Basotho',	'426',	'loti (pl. maloti)',	'LSL',	'sente',	'L',	'Kingdom of Lesotho',	'LS',	'LSO',	'Lesotho',	'002',	'018',	0,	'266',	'LS.png'),
(428,	'Riga',	'Latvian',	'428',	'euro',	'EUR',	'cent',	'Ls',	'Republic of Latvia',	'LV',	'LVA',	'Latvia',	'150',	'154',	1,	'371',	'LV.png'),
(430,	'Monrovia',	'Liberian',	'430',	'Liberian dollar',	'LRD',	'cent',	'$',	'Republic of Liberia',	'LR',	'LBR',	'Liberia',	'002',	'011',	0,	'231',	'LR.png'),
(434,	'Tripoli',	'Libyan',	'434',	'Libyan dinar',	'LYD',	'dirham',	'LYD',	'Socialist People’s Libyan Arab Jamahiriya',	'LY',	'LBY',	'Libya',	'002',	'015',	0,	'218',	'LY.png'),
(438,	'Vaduz',	'Liechtensteiner',	'438',	'Swiss franc',	'CHF',	'centime',	'CHF',	'Principality of Liechtenstein',	'LI',	'LIE',	'Liechtenstein',	'150',	'155',	0,	'423',	'LI.png'),
(440,	'Vilnius',	'Lithuanian',	'440',	'euro',	'EUR',	'cent',	'Lt',	'Republic of Lithuania',	'LT',	'LTU',	'Lithuania',	'150',	'154',	1,	'370',	'LT.png'),
(442,	'Luxembourg',	'Luxembourger',	'442',	'euro',	'EUR',	'cent',	'€',	'Grand Duchy of Luxembourg',	'LU',	'LUX',	'Luxembourg',	'150',	'155',	1,	'352',	'LU.png'),
(446,	'Macao (MO3)',	'Macanese',	'446',	'pataca',	'MOP',	'avo',	'MOP',	'Macao Special Administrative Region of the People’s Republic of China (MO2)',	'MO',	'MAC',	'Macao',	'142',	'030',	0,	'853',	'MO.png'),
(450,	'Antananarivo',	'Malagasy',	'450',	'ariary',	'MGA',	'iraimbilanja (inv.)',	'MGA',	'Republic of Madagascar',	'MG',	'MDG',	'Madagascar',	'002',	'014',	0,	'261',	'MG.png'),
(454,	'Lilongwe',	'Malawian',	'454',	'Malawian kwacha (inv.)',	'MWK',	'tambala (inv.)',	'MK',	'Republic of Malawi',	'MW',	'MWI',	'Malawi',	'002',	'014',	0,	'265',	'MW.png'),
(458,	'Kuala Lumpur (MY1)',	'Malaysian',	'458',	'ringgit (inv.)',	'MYR',	'sen (inv.)',	'RM',	'Malaysia',	'MY',	'MYS',	'Malaysia',	'142',	'035',	0,	'60',	'MY.png'),
(462,	'Malé',	'Maldivian',	'462',	'rufiyaa',	'MVR',	'laari (inv.)',	'Rf',	'Republic of Maldives',	'MV',	'MDV',	'Maldives',	'142',	'034',	0,	'960',	'MV.png'),
(466,	'Bamako',	'Malian',	'466',	'CFA franc (BCEAO)',	'XOF',	'centime',	'XOF',	'Republic of Mali',	'ML',	'MLI',	'Mali',	'002',	'011',	0,	'223',	'ML.png'),
(470,	'Valletta',	'Maltese',	'470',	'euro',	'EUR',	'cent',	'MTL',	'Republic of Malta',	'MT',	'MLT',	'Malta',	'150',	'039',	1,	'356',	'MT.png'),
(474,	'Fort-de-France',	'Martinican',	'474',	'euro',	'EUR',	'cent',	'€',	'Martinique',	'MQ',	'MTQ',	'Martinique',	'019',	'029',	0,	'596',	'MQ.png'),
(478,	'Nouakchott',	'Mauritanian',	'478',	'ouguiya',	'MRO',	'khoum',	'UM',	'Islamic Republic of Mauritania',	'MR',	'MRT',	'Mauritania',	'002',	'011',	0,	'222',	'MR.png'),
(480,	'Port Louis',	'Mauritian',	'480',	'Mauritian rupee',	'MUR',	'cent',	'₨',	'Republic of Mauritius',	'MU',	'MUS',	'Mauritius',	'002',	'014',	0,	'230',	'MU.png'),
(484,	'Mexico City',	'Mexican',	'484',	'Mexican peso',	'MXN',	'centavo',	'$',	'United Mexican States',	'MX',	'MEX',	'Mexico',	'019',	'013',	0,	'52',	'MX.png'),
(492,	'Monaco',	'Monegasque',	'492',	'euro',	'EUR',	'cent',	'€',	'Principality of Monaco',	'MC',	'MCO',	'Monaco',	'150',	'155',	0,	'377',	'MC.png'),
(496,	'Ulan Bator',	'Mongolian',	'496',	'tugrik',	'MNT',	'möngö (inv.)',	'₮',	'Mongolia',	'MN',	'MNG',	'Mongolia',	'142',	'030',	0,	'976',	'MN.png'),
(498,	'Chisinau',	'Moldovan',	'498',	'Moldovan leu (pl. lei)',	'MDL',	'ban',	'MDL',	'Republic of Moldova',	'MD',	'MDA',	'Moldova, Republic of',	'150',	'151',	0,	'373',	'MD.png'),
(499,	'Podgorica',	'Montenegrin',	'499',	'euro',	'EUR',	'cent',	'€',	'Montenegro',	'ME',	'MNE',	'Montenegro',	'150',	'039',	0,	'382',	'ME.png'),
(500,	'Plymouth (MS2)',	'Montserratian',	'500',	'East Caribbean dollar',	'XCD',	'cent',	'$',	'Montserrat',	'MS',	'MSR',	'Montserrat',	'019',	'029',	0,	'1',	'MS.png'),
(504,	'Rabat',	'Moroccan',	'504',	'Moroccan dirham',	'MAD',	'centime',	'MAD',	'Kingdom of Morocco',	'MA',	'MAR',	'Morocco',	'002',	'015',	0,	'212',	'MA.png'),
(508,	'Maputo',	'Mozambican',	'508',	'metical',	'MZN',	'centavo',	'MT',	'Republic of Mozambique',	'MZ',	'MOZ',	'Mozambique',	'002',	'014',	0,	'258',	'MZ.png'),
(512,	'Muscat',	'Omani',	'512',	'Omani rial',	'OMR',	'baiza',	'﷼',	'Sultanate of Oman',	'OM',	'OMN',	'Oman',	'142',	'145',	0,	'968',	'OM.png'),
(516,	'Windhoek',	'Namibian',	'516',	'Namibian dollar',	'NAD',	'cent',	'$',	'Republic of Namibia',	'NA',	'NAM',	'Namibia',	'002',	'018',	0,	'264',	'NA.png'),
(520,	'Yaren',	'Nauruan',	'520',	'Australian dollar',	'AUD',	'cent',	'$',	'Republic of Nauru',	'NR',	'NRU',	'Nauru',	'009',	'057',	0,	'674',	'NR.png'),
(524,	'Kathmandu',	'Nepalese',	'524',	'Nepalese rupee',	'NPR',	'paisa (inv.)',	'₨',	'Nepal',	'NP',	'NPL',	'Nepal',	'142',	'034',	0,	'977',	'NP.png'),
(528,	'Amsterdam (NL2)',	'Dutch',	'528',	'euro',	'EUR',	'cent',	'€',	'Kingdom of the Netherlands',	'NL',	'NLD',	'Netherlands',	'150',	'155',	1,	'31',	'NL.png'),
(531,	'Willemstad',	'Curaçaoan',	'531',	'Netherlands Antillean guilder (CW1)',	'ANG',	'cent',	NULL,	'Curaçao',	'CW',	'CUW',	'Curaçao',	'019',	'029',	0,	'599',	NULL),
(533,	'Oranjestad',	'Aruban',	'533',	'Aruban guilder',	'AWG',	'cent',	'ƒ',	'Aruba',	'AW',	'ABW',	'Aruba',	'019',	'029',	0,	'297',	'AW.png'),
(534,	'Philipsburg',	'Sint Maartener',	'534',	'Netherlands Antillean guilder (SX1)',	'ANG',	'cent',	NULL,	'Sint Maarten',	'SX',	'SXM',	'Sint Maarten (Dutch part)',	'019',	'029',	0,	'721',	NULL),
(535,	NULL,	'of Bonaire, Sint Eustatius and Saba',	'535',	'US dollar',	'USD',	'cent',	NULL,	NULL,	'BQ',	'BES',	'Bonaire, Sint Eustatius and Saba',	'019',	'029',	0,	'599',	NULL),
(540,	'Nouméa',	'New Caledonian',	'540',	'CFP franc',	'XPF',	'centime',	'XPF',	'New Caledonia',	'NC',	'NCL',	'New Caledonia',	'009',	'054',	0,	'687',	'NC.png'),
(548,	'Port Vila',	'Vanuatuan',	'548',	'vatu (inv.)',	'VUV',	'',	'Vt',	'Republic of Vanuatu',	'VU',	'VUT',	'Vanuatu',	'009',	'054',	0,	'678',	'VU.png'),
(554,	'Wellington',	'New Zealander',	'554',	'New Zealand dollar',	'NZD',	'cent',	'$',	'New Zealand',	'NZ',	'NZL',	'New Zealand',	'009',	'053',	0,	'64',	'NZ.png'),
(558,	'Managua',	'Nicaraguan',	'558',	'córdoba oro',	'NIO',	'centavo',	'C$',	'Republic of Nicaragua',	'NI',	'NIC',	'Nicaragua',	'019',	'013',	0,	'505',	'NI.png'),
(562,	'Niamey',	'Nigerien',	'562',	'CFA franc (BCEAO)',	'XOF',	'centime',	'XOF',	'Republic of Niger',	'NE',	'NER',	'Niger',	'002',	'011',	0,	'227',	'NE.png'),
(566,	'Abuja',	'Nigerian',	'566',	'naira (inv.)',	'NGN',	'kobo (inv.)',	'₦',	'Federal Republic of Nigeria',	'NG',	'NGA',	'Nigeria',	'002',	'011',	0,	'234',	'NG.png'),
(570,	'Alofi',	'Niuean',	'570',	'New Zealand dollar',	'NZD',	'cent',	'$',	'Niue',	'NU',	'NIU',	'Niue',	'009',	'061',	0,	'683',	'NU.png'),
(574,	'Kingston',	'Norfolk Islander',	'574',	'Australian dollar',	'AUD',	'cent',	'$',	'Territory of Norfolk Island',	'NF',	'NFK',	'Norfolk Island',	'009',	'053',	0,	'672',	'NF.png'),
(578,	'Oslo',	'Norwegian',	'578',	'Norwegian krone (pl. kroner)',	'NOK',	'øre (inv.)',	'kr',	'Kingdom of Norway',	'NO',	'NOR',	'Norway',	'150',	'154',	0,	'47',	'NO.png'),
(580,	'Saipan',	'Northern Mariana Islander',	'580',	'US dollar',	'USD',	'cent',	'$',	'Commonwealth of the Northern Mariana Islands',	'MP',	'MNP',	'Northern Mariana Islands',	'009',	'057',	0,	'1',	'MP.png'),
(581,	'United States Minor Outlying Islands',	'of United States Minor Outlying Islands',	'581',	'US dollar',	'USD',	'cent',	'$',	'United States Minor Outlying Islands',	'UM',	'UMI',	'United States Minor Outlying Islands',	'',	'',	0,	'1',	'UM.png'),
(583,	'Palikir',	'Micronesian',	'583',	'US dollar',	'USD',	'cent',	'$',	'Federated States of Micronesia',	'FM',	'FSM',	'Micronesia, Federated States of',	'009',	'057',	0,	'691',	'FM.png'),
(584,	'Majuro',	'Marshallese',	'584',	'US dollar',	'USD',	'cent',	'$',	'Republic of the Marshall Islands',	'MH',	'MHL',	'Marshall Islands',	'009',	'057',	0,	'692',	'MH.png'),
(585,	'Melekeok',	'Palauan',	'585',	'US dollar',	'USD',	'cent',	'$',	'Republic of Palau',	'PW',	'PLW',	'Palau',	'009',	'057',	0,	'680',	'PW.png'),
(586,	'Islamabad',	'Pakistani',	'586',	'Pakistani rupee',	'PKR',	'paisa',	'₨',	'Islamic Republic of Pakistan',	'PK',	'PAK',	'Pakistan',	'142',	'034',	0,	'92',	'PK.png'),
(591,	'Panama City',	'Panamanian',	'591',	'balboa',	'PAB',	'centésimo',	'B/.',	'Republic of Panama',	'PA',	'PAN',	'Panama',	'019',	'013',	0,	'507',	'PA.png'),
(598,	'Port Moresby',	'Papua New Guinean',	'598',	'kina (inv.)',	'PGK',	'toea (inv.)',	'PGK',	'Independent State of Papua New Guinea',	'PG',	'PNG',	'Papua New Guinea',	'009',	'054',	0,	'675',	'PG.png'),
(600,	'Asunción',	'Paraguayan',	'600',	'guaraní',	'PYG',	'céntimo',	'Gs',	'Republic of Paraguay',	'PY',	'PRY',	'Paraguay',	'019',	'005',	0,	'595',	'PY.png'),
(604,	'Lima',	'Peruvian',	'604',	'new sol',	'PEN',	'céntimo',	'S/.',	'Republic of Peru',	'PE',	'PER',	'Peru',	'019',	'005',	0,	'51',	'PE.png'),
(608,	'Manila',	'Filipino',	'608',	'Philippine peso',	'PHP',	'centavo',	'Php',	'Republic of the Philippines',	'PH',	'PHL',	'Philippines',	'142',	'035',	0,	'63',	'PH.png'),
(612,	'Adamstown',	'Pitcairner',	'612',	'New Zealand dollar',	'NZD',	'cent',	'$',	'Pitcairn Islands',	'PN',	'PCN',	'Pitcairn',	'009',	'061',	0,	'649',	'PN.png'),
(616,	'Warsaw',	'Polish',	'616',	'zloty',	'PLN',	'grosz (pl. groszy)',	'zł',	'Republic of Poland',	'PL',	'POL',	'Poland',	'150',	'151',	1,	'48',	'PL.png'),
(620,	'Lisbon',	'Portuguese',	'620',	'euro',	'EUR',	'cent',	'€',	'Portuguese Republic',	'PT',	'PRT',	'Portugal',	'150',	'039',	1,	'351',	'PT.png'),
(624,	'Bissau',	'Guinea-Bissau national',	'624',	'CFA franc (BCEAO)',	'XOF',	'centime',	'XOF',	'Republic of Guinea-Bissau',	'GW',	'GNB',	'Guinea-Bissau',	'002',	'011',	0,	'245',	'GW.png'),
(626,	'Dili',	'East Timorese',	'626',	'US dollar',	'USD',	'cent',	'$',	'Democratic Republic of East Timor',	'TL',	'TLS',	'Timor-Leste',	'142',	'035',	0,	'670',	'TL.png'),
(630,	'San Juan',	'Puerto Rican',	'630',	'US dollar',	'USD',	'cent',	'$',	'Commonwealth of Puerto Rico',	'PR',	'PRI',	'Puerto Rico',	'019',	'029',	0,	'1',	'PR.png'),
(634,	'Doha',	'Qatari',	'634',	'Qatari riyal',	'QAR',	'dirham',	'﷼',	'State of Qatar',	'QA',	'QAT',	'Qatar',	'142',	'145',	0,	'974',	'QA.png'),
(638,	'Saint-Denis',	'Reunionese',	'638',	'euro',	'EUR',	'cent',	'€',	'Réunion',	'RE',	'REU',	'Réunion',	'002',	'014',	0,	'262',	'RE.png'),
(642,	'Bucharest',	'Romanian',	'642',	'Romanian leu (pl. lei)',	'RON',	'ban (pl. bani)',	'lei',	'Romania',	'RO',	'ROU',	'Romania',	'150',	'151',	1,	'40',	'RO.png'),
(643,	'Moscow',	'Russian',	'643',	'Russian rouble',	'RUB',	'kopek',	'руб',	'Russian Federation',	'RU',	'RUS',	'Russian Federation',	'150',	'151',	0,	'7',	'RU.png'),
(646,	'Kigali',	'Rwandan; Rwandese',	'646',	'Rwandese franc',	'RWF',	'centime',	'RWF',	'Republic of Rwanda',	'RW',	'RWA',	'Rwanda',	'002',	'014',	0,	'250',	'RW.png'),
(652,	'Gustavia',	'of Saint Barthélemy',	'652',	'euro',	'EUR',	'cent',	NULL,	'Collectivity of Saint Barthélemy',	'BL',	'BLM',	'Saint Barthélemy',	'019',	'029',	0,	'590',	NULL),
(654,	'Jamestown',	'Saint Helenian',	'654',	'Saint Helena pound',	'SHP',	'penny',	'£',	'Saint Helena, Ascension and Tristan da Cunha',	'SH',	'SHN',	'Saint Helena, Ascension and Tristan da Cunha',	'002',	'011',	0,	'290',	'SH.png'),
(659,	'Basseterre',	'Kittsian; Nevisian',	'659',	'East Caribbean dollar',	'XCD',	'cent',	'$',	'Federation of Saint Kitts and Nevis',	'KN',	'KNA',	'Saint Kitts and Nevis',	'019',	'029',	0,	'1',	'KN.png'),
(660,	'The Valley',	'Anguillan',	'660',	'East Caribbean dollar',	'XCD',	'cent',	'$',	'Anguilla',	'AI',	'AIA',	'Anguilla',	'019',	'029',	0,	'1',	'AI.png'),
(662,	'Castries',	'Saint Lucian',	'662',	'East Caribbean dollar',	'XCD',	'cent',	'$',	'Saint Lucia',	'LC',	'LCA',	'Saint Lucia',	'019',	'029',	0,	'1',	'LC.png'),
(663,	'Marigot',	'of Saint Martin',	'663',	'euro',	'EUR',	'cent',	NULL,	'Collectivity of Saint Martin',	'MF',	'MAF',	'Saint Martin (French part)',	'019',	'029',	0,	'590',	NULL),
(666,	'Saint-Pierre',	'St-Pierrais; Miquelonnais',	'666',	'euro',	'EUR',	'cent',	'€',	'Territorial Collectivity of Saint Pierre and Miquelon',	'PM',	'SPM',	'Saint Pierre and Miquelon',	'019',	'021',	0,	'508',	'PM.png'),
(670,	'Kingstown',	'Vincentian',	'670',	'East Caribbean dollar',	'XCD',	'cent',	'$',	'Saint Vincent and the Grenadines',	'VC',	'VCT',	'Saint Vincent and the Grenadines',	'019',	'029',	0,	'1',	'VC.png'),
(674,	'San Marino',	'San Marinese',	'674',	'euro',	'EUR',	'cent',	'€',	'Republic of San Marino',	'SM',	'SMR',	'San Marino',	'150',	'039',	0,	'378',	'SM.png'),
(678,	'São Tomé',	'São Toméan',	'678',	'dobra',	'STD',	'centavo',	'Db',	'Democratic Republic of São Tomé and Príncipe',	'ST',	'STP',	'Sao Tome and Principe',	'002',	'017',	0,	'239',	'ST.png'),
(682,	'Riyadh',	'Saudi Arabian',	'682',	'riyal',	'SAR',	'halala',	'﷼',	'Kingdom of Saudi Arabia',	'SA',	'SAU',	'Saudi Arabia',	'142',	'145',	0,	'966',	'SA.png'),
(686,	'Dakar',	'Senegalese',	'686',	'CFA franc (BCEAO)',	'XOF',	'centime',	'XOF',	'Republic of Senegal',	'SN',	'SEN',	'Senegal',	'002',	'011',	0,	'221',	'SN.png'),
(688,	'Belgrade',	'Serb',	'688',	'Serbian dinar',	'RSD',	'para (inv.)',	NULL,	'Republic of Serbia',	'RS',	'SRB',	'Serbia',	'150',	'039',	0,	'381',	NULL),
(690,	'Victoria',	'Seychellois',	'690',	'Seychelles rupee',	'SCR',	'cent',	'₨',	'Republic of Seychelles',	'SC',	'SYC',	'Seychelles',	'002',	'014',	0,	'248',	'SC.png'),
(694,	'Freetown',	'Sierra Leonean',	'694',	'leone',	'SLL',	'cent',	'Le',	'Republic of Sierra Leone',	'SL',	'SLE',	'Sierra Leone',	'002',	'011',	0,	'232',	'SL.png'),
(702,	'Singapore',	'Singaporean',	'702',	'Singapore dollar',	'SGD',	'cent',	'$',	'Republic of Singapore',	'SG',	'SGP',	'Singapore',	'142',	'035',	0,	'65',	'SG.png'),
(703,	'Bratislava',	'Slovak',	'703',	'euro',	'EUR',	'cent',	'Sk',	'Slovak Republic',	'SK',	'SVK',	'Slovakia',	'150',	'151',	1,	'421',	'SK.png'),
(704,	'Hanoi',	'Vietnamese',	'704',	'dong',	'VND',	'(10 hào',	'₫',	'Socialist Republic of Vietnam',	'VN',	'VNM',	'Viet Nam',	'142',	'035',	0,	'84',	'VN.png'),
(705,	'Ljubljana',	'Slovene',	'705',	'euro',	'EUR',	'cent',	'€',	'Republic of Slovenia',	'SI',	'SVN',	'Slovenia',	'150',	'039',	1,	'386',	'SI.png'),
(706,	'Mogadishu',	'Somali',	'706',	'Somali shilling',	'SOS',	'cent',	'S',	'Somali Republic',	'SO',	'SOM',	'Somalia',	'002',	'014',	0,	'252',	'SO.png'),
(710,	'Pretoria (ZA1)',	'South African',	'710',	'rand',	'ZAR',	'cent',	'R',	'Republic of South Africa',	'ZA',	'ZAF',	'South Africa',	'002',	'018',	0,	'27',	'ZA.png'),
(716,	'Harare',	'Zimbabwean',	'716',	'Zimbabwe dollar (ZW1)',	'ZWL',	'cent',	'Z$',	'Republic of Zimbabwe',	'ZW',	'ZWE',	'Zimbabwe',	'002',	'014',	0,	'263',	'ZW.png'),
(724,	'Madrid',	'Spaniard',	'724',	'euro',	'EUR',	'cent',	'€',	'Kingdom of Spain',	'ES',	'ESP',	'Spain',	'150',	'039',	1,	'34',	'ES.png'),
(728,	'Juba',	'South Sudanese',	'728',	'South Sudanese pound',	'SSP',	'piaster',	NULL,	'Republic of South Sudan',	'SS',	'SSD',	'South Sudan',	'002',	'015',	0,	'211',	NULL),
(729,	'Khartoum',	'Sudanese',	'729',	'Sudanese pound',	'SDG',	'piastre',	NULL,	'Republic of the Sudan',	'SD',	'SDN',	'Sudan',	'002',	'015',	0,	'249',	NULL),
(732,	'Al aaiun',	'Sahrawi',	'732',	'Moroccan dirham',	'MAD',	'centime',	'MAD',	'Western Sahara',	'EH',	'ESH',	'Western Sahara',	'002',	'015',	0,	'212',	'EH.png'),
(740,	'Paramaribo',	'Surinamese',	'740',	'Surinamese dollar',	'SRD',	'cent',	'$',	'Republic of Suriname',	'SR',	'SUR',	'Suriname',	'019',	'005',	0,	'597',	'SR.png'),
(744,	'Longyearbyen',	'of Svalbard',	'744',	'Norwegian krone (pl. kroner)',	'NOK',	'øre (inv.)',	'kr',	'Svalbard and Jan Mayen',	'SJ',	'SJM',	'Svalbard and Jan Mayen',	'150',	'154',	0,	'47',	'SJ.png'),
(748,	'Mbabane',	'Swazi',	'748',	'lilangeni',	'SZL',	'cent',	'SZL',	'Kingdom of Swaziland',	'SZ',	'SWZ',	'Swaziland',	'002',	'018',	0,	'268',	'SZ.png'),
(752,	'Stockholm',	'Swedish',	'752',	'krona (pl. kronor)',	'SEK',	'öre (inv.)',	'kr',	'Kingdom of Sweden',	'SE',	'SWE',	'Sweden',	'150',	'154',	1,	'46',	'SE.png'),
(756,	'Berne',	'Swiss',	'756',	'Swiss franc',	'CHF',	'centime',	'CHF',	'Swiss Confederation',	'CH',	'CHE',	'Switzerland',	'150',	'155',	0,	'41',	'CH.png'),
(760,	'Damascus',	'Syrian',	'760',	'Syrian pound',	'SYP',	'piastre',	'£',	'Syrian Arab Republic',	'SY',	'SYR',	'Syrian Arab Republic',	'142',	'145',	0,	'963',	'SY.png'),
(762,	'Dushanbe',	'Tajik',	'762',	'somoni',	'TJS',	'diram',	'TJS',	'Republic of Tajikistan',	'TJ',	'TJK',	'Tajikistan',	'142',	'143',	0,	'992',	'TJ.png'),
(764,	'Bangkok',	'Thai',	'764',	'baht (inv.)',	'THB',	'satang (inv.)',	'฿',	'Kingdom of Thailand',	'TH',	'THA',	'Thailand',	'142',	'035',	0,	'66',	'TH.png'),
(768,	'Lomé',	'Togolese',	'768',	'CFA franc (BCEAO)',	'XOF',	'centime',	'XOF',	'Togolese Republic',	'TG',	'TGO',	'Togo',	'002',	'011',	0,	'228',	'TG.png'),
(772,	'(TK2)',	'Tokelauan',	'772',	'New Zealand dollar',	'NZD',	'cent',	'$',	'Tokelau',	'TK',	'TKL',	'Tokelau',	'009',	'061',	0,	'690',	'TK.png'),
(776,	'Nuku’alofa',	'Tongan',	'776',	'pa’anga (inv.)',	'TOP',	'seniti (inv.)',	'T$',	'Kingdom of Tonga',	'TO',	'TON',	'Tonga',	'009',	'061',	0,	'676',	'TO.png'),
(780,	'Port of Spain',	'Trinidadian; Tobagonian',	'780',	'Trinidad and Tobago dollar',	'TTD',	'cent',	'TT$',	'Republic of Trinidad and Tobago',	'TT',	'TTO',	'Trinidad and Tobago',	'019',	'029',	0,	'1',	'TT.png'),
(784,	'Abu Dhabi',	'Emirian',	'784',	'UAE dirham',	'AED',	'fils (inv.)',	'AED',	'United Arab Emirates',	'AE',	'ARE',	'United Arab Emirates',	'142',	'145',	0,	'971',	'AE.png'),
(788,	'Tunis',	'Tunisian',	'788',	'Tunisian dinar',	'TND',	'millime',	'TND',	'Republic of Tunisia',	'TN',	'TUN',	'Tunisia',	'002',	'015',	0,	'216',	'TN.png'),
(792,	'Ankara',	'Turk',	'792',	'Turkish lira (inv.)',	'TRY',	'kurus (inv.)',	'₺',	'Republic of Turkey',	'TR',	'TUR',	'Turkey',	'142',	'145',	0,	'90',	'TR.png'),
(795,	'Ashgabat',	'Turkmen',	'795',	'Turkmen manat (inv.)',	'TMT',	'tenge (inv.)',	'm',	'Turkmenistan',	'TM',	'TKM',	'Turkmenistan',	'142',	'143',	0,	'993',	'TM.png'),
(796,	'Cockburn Town',	'Turks and Caicos Islander',	'796',	'US dollar',	'USD',	'cent',	'$',	'Turks and Caicos Islands',	'TC',	'TCA',	'Turks and Caicos Islands',	'019',	'029',	0,	'1',	'TC.png'),
(798,	'Funafuti',	'Tuvaluan',	'798',	'Australian dollar',	'AUD',	'cent',	'$',	'Tuvalu',	'TV',	'TUV',	'Tuvalu',	'009',	'061',	0,	'688',	'TV.png'),
(800,	'Kampala',	'Ugandan',	'800',	'Uganda shilling',	'UGX',	'cent',	'UGX',	'Republic of Uganda',	'UG',	'UGA',	'Uganda',	'002',	'014',	0,	'256',	'UG.png'),
(804,	'Kiev',	'Ukrainian',	'804',	'hryvnia',	'UAH',	'kopiyka',	'₴',	'Ukraine',	'UA',	'UKR',	'Ukraine',	'150',	'151',	0,	'380',	'UA.png'),
(807,	'Skopje',	'of the former Yugoslav Republic of Macedonia',	'807',	'denar (pl. denars)',	'MKD',	'deni (inv.)',	'ден',	'the former Yugoslav Republic of Macedonia',	'MK',	'MKD',	'Macedonia, the former Yugoslav Republic of',	'150',	'039',	0,	'389',	'MK.png'),
(818,	'Cairo',	'Egyptian',	'818',	'Egyptian pound',	'EGP',	'piastre',	'£',	'Arab Republic of Egypt',	'EG',	'EGY',	'Egypt',	'002',	'015',	0,	'20',	'EG.png'),
(826,	'London',	'British',	'826',	'pound sterling',	'GBP',	'penny (pl. pence)',	'£',	'United Kingdom of Great Britain and Northern Ireland',	'GB',	'GBR',	'United Kingdom',	'150',	'154',	1,	'44',	'GB.png'),
(831,	'St Peter Port',	'of Guernsey',	'831',	'Guernsey pound (GG2)',	'GGP (GG2)',	'penny (pl. pence)',	NULL,	'Bailiwick of Guernsey',	'GG',	'GGY',	'Guernsey',	'150',	'154',	0,	'44',	NULL),
(832,	'St Helier',	'of Jersey',	'832',	'Jersey pound (JE2)',	'JEP (JE2)',	'penny (pl. pence)',	NULL,	'Bailiwick of Jersey',	'JE',	'JEY',	'Jersey',	'150',	'154',	0,	'44',	NULL),
(833,	'Douglas',	'Manxman; Manxwoman',	'833',	'Manx pound (IM2)',	'IMP (IM2)',	'penny (pl. pence)',	NULL,	'Isle of Man',	'IM',	'IMN',	'Isle of Man',	'150',	'154',	0,	'44',	NULL),
(834,	'Dodoma (TZ1)',	'Tanzanian',	'834',	'Tanzanian shilling',	'TZS',	'cent',	'TZS',	'United Republic of Tanzania',	'TZ',	'TZA',	'Tanzania, United Republic of',	'002',	'014',	0,	'255',	'TZ.png'),
(840,	'Washington DC',	'American',	'840',	'US dollar',	'USD',	'cent',	'$',	'United States of America',	'US',	'USA',	'United States',	'019',	'021',	0,	'1',	'US.png'),
(850,	'Charlotte Amalie',	'US Virgin Islander',	'850',	'US dollar',	'USD',	'cent',	'$',	'United States Virgin Islands',	'VI',	'VIR',	'Virgin Islands, U.S.',	'019',	'029',	0,	'1',	'VI.png'),
(854,	'Ouagadougou',	'Burkinabe',	'854',	'CFA franc (BCEAO)',	'XOF',	'centime',	'XOF',	'Burkina Faso',	'BF',	'BFA',	'Burkina Faso',	'002',	'011',	0,	'226',	'BF.png'),
(858,	'Montevideo',	'Uruguayan',	'858',	'Uruguayan peso',	'UYU',	'centésimo',	'$U',	'Eastern Republic of Uruguay',	'UY',	'URY',	'Uruguay',	'019',	'005',	0,	'598',	'UY.png'),
(860,	'Tashkent',	'Uzbek',	'860',	'sum (inv.)',	'UZS',	'tiyin (inv.)',	'лв',	'Republic of Uzbekistan',	'UZ',	'UZB',	'Uzbekistan',	'142',	'143',	0,	'998',	'UZ.png'),
(862,	'Caracas',	'Venezuelan',	'862',	'bolívar fuerte (pl. bolívares fuertes)',	'VEF',	'céntimo',	'Bs',	'Bolivarian Republic of Venezuela',	'VE',	'VEN',	'Venezuela, Bolivarian Republic of',	'019',	'005',	0,	'58',	'VE.png'),
(876,	'Mata-Utu',	'Wallisian; Futunan; Wallis and Futuna Islander',	'876',	'CFP franc',	'XPF',	'centime',	'XPF',	'Wallis and Futuna',	'WF',	'WLF',	'Wallis and Futuna',	'009',	'061',	0,	'681',	'WF.png'),
(882,	'Apia',	'Samoan',	'882',	'tala (inv.)',	'WST',	'sene (inv.)',	'WS$',	'Independent State of Samoa',	'WS',	'WSM',	'Samoa',	'009',	'061',	0,	'685',	'WS.png'),
(887,	'San’a',	'Yemenite',	'887',	'Yemeni rial',	'YER',	'fils (inv.)',	'﷼',	'Republic of Yemen',	'YE',	'YEM',	'Yemen',	'142',	'145',	0,	'967',	'YE.png'),
(894,	'Lusaka',	'Zambian',	'894',	'Zambian kwacha (inv.)',	'ZMW',	'ngwee (inv.)',	'ZK',	'Republic of Zambia',	'ZM',	'ZMB',	'Zambia',	'002',	'014',	0,	'260',	'ZM.png');

DROP TABLE IF EXISTS `m_category`;
CREATE TABLE `m_category` (
  `id` int unsigned NOT NULL AUTO_INCREMENT,
  `name` varchar(100) CHARACTER SET utf8mb4 COLLATE utf8mb4_unicode_ci NOT NULL,
  `created_at` timestamp NULL DEFAULT NULL,
  `updated_at` timestamp NULL DEFAULT NULL,
  PRIMARY KEY (`id`)
) ENGINE=InnoDB DEFAULT CHARSET=utf8mb4 COLLATE=utf8mb4_unicode_ci;

INSERT INTO `m_category` (`id`, `name`, `created_at`, `updated_at`) VALUES
(1,	'Food',	'2021-10-08 04:30:28',	'2021-10-08 04:30:28'),
(2,	'Drinks',	'2021-10-08 04:30:37',	'2021-10-08 04:30:37'),
(3,	'Beverages',	'2021-10-08 04:31:05',	'2021-10-08 04:31:05'),
(4,	'Others',	'2021-10-08 04:31:40',	'2021-10-08 04:31:40');

DROP TABLE IF EXISTS `migrations`;
CREATE TABLE `migrations` (
  `id` int unsigned NOT NULL AUTO_INCREMENT,
  `migration` varchar(191) COLLATE utf8mb4_unicode_ci NOT NULL,
  `batch` int NOT NULL,
  PRIMARY KEY (`id`)
) ENGINE=InnoDB DEFAULT CHARSET=utf8mb4 COLLATE=utf8mb4_unicode_ci;

INSERT INTO `migrations` (`id`, `migration`, `batch`) VALUES
(1,	'2014_10_12_100000_create_password_resets_table',	1),
(2,	'2015_09_19_191655_setup_countries_table',	1),
(3,	'2015_10_10_170827_create_users_table',	1),
(4,	'2015_10_10_171049_create_social_login_table',	1),
(5,	'2015_12_24_080704_setup_authorization_tables',	1),
(6,	'2015_12_24_152327_create_sessions_table',	1),
(7,	'2015_12_29_224252_create_user_activity_table',	1),
(8,	'2015_12_30_171734_add_foreign_keys',	1),
(9,	'2017_08_24_000000_create_settings_table',	1),
(10,	'2019_08_22_140712_create_announcements_table',	1),
(11,	'2019_12_14_000001_create_personal_access_tokens_table',	1);

DROP TABLE IF EXISTS `password_resets`;
CREATE TABLE `password_resets` (
  `email` varchar(191) COLLATE utf8mb4_unicode_ci NOT NULL,
  `token` varchar(191) COLLATE utf8mb4_unicode_ci NOT NULL,
  `created_at` timestamp NULL DEFAULT NULL,
  KEY `password_resets_email_index` (`email`)
) ENGINE=InnoDB DEFAULT CHARSET=utf8mb4 COLLATE=utf8mb4_unicode_ci;


DROP TABLE IF EXISTS `permission_role`;
CREATE TABLE `permission_role` (
  `permission_id` int unsigned NOT NULL,
  `role_id` int unsigned NOT NULL,
  PRIMARY KEY (`permission_id`,`role_id`),
  KEY `permission_role_role_id_foreign` (`role_id`),
  CONSTRAINT `permission_role_permission_id_foreign` FOREIGN KEY (`permission_id`) REFERENCES `permissions` (`id`) ON DELETE CASCADE ON UPDATE CASCADE,
  CONSTRAINT `permission_role_role_id_foreign` FOREIGN KEY (`role_id`) REFERENCES `roles` (`id`) ON DELETE CASCADE ON UPDATE CASCADE
) ENGINE=InnoDB DEFAULT CHARSET=utf8mb4 COLLATE=utf8mb4_unicode_ci;

INSERT INTO `permission_role` (`permission_id`, `role_id`) VALUES
(1,	1),
(2,	1),
(3,	1),
(4,	1),
(5,	1),
(6,	1),
(7,	1),
(8,	1),
(9,	1);

DROP TABLE IF EXISTS `permissions`;
CREATE TABLE `permissions` (
  `id` int unsigned NOT NULL AUTO_INCREMENT,
  `name` varchar(191) COLLATE utf8mb4_unicode_ci NOT NULL,
  `display_name` varchar(191) COLLATE utf8mb4_unicode_ci DEFAULT NULL,
  `description` varchar(191) COLLATE utf8mb4_unicode_ci DEFAULT NULL,
  `removable` tinyint(1) NOT NULL DEFAULT '1',
  `created_at` timestamp NULL DEFAULT NULL,
  `updated_at` timestamp NULL DEFAULT NULL,
  PRIMARY KEY (`id`),
  UNIQUE KEY `permissions_name_unique` (`name`)
) ENGINE=InnoDB DEFAULT CHARSET=utf8mb4 COLLATE=utf8mb4_unicode_ci;

INSERT INTO `permissions` (`id`, `name`, `display_name`, `description`, `removable`, `created_at`, `updated_at`) VALUES
(1,	'users.manage',	'Manage Users',	'Manage users and their sessions.',	0,	'2021-10-05 21:33:25',	'2021-10-05 21:33:25'),
(2,	'users.activity',	'View System Activity Log',	'View activity log for all system users.',	0,	'2021-10-05 21:33:25',	'2021-10-05 21:33:25'),
(3,	'roles.manage',	'Manage Roles',	'Manage system roles.',	0,	'2021-10-05 21:33:25',	'2021-10-05 21:33:25'),
(4,	'permissions.manage',	'Manage Permissions',	'Manage role permissions.',	0,	'2021-10-05 21:33:25',	'2021-10-05 21:33:25'),
(5,	'settings.general',	'Update General System Settings',	'',	0,	'2021-10-05 21:33:25',	'2021-10-05 21:33:25'),
(6,	'settings.auth',	'Update Authentication Settings',	'Update authentication and registration system settings.',	0,	'2021-10-05 21:33:25',	'2021-10-05 21:33:25'),
(7,	'settings.notifications',	'Update Notifications Settings',	'',	0,	'2021-10-05 21:33:25',	'2021-10-05 21:33:25'),
(8,	'restaurant.manage',	'Manage Restaurant',	'Manage restaurant and their data',	1,	'2021-10-06 16:38:34',	'2021-10-06 16:40:51'),
(9,	'transactions-orders.manage',	'Manage Transactions & Orders',	'Manage transactions and orders',	1,	'2021-10-08 22:21:25',	'2021-10-08 22:22:05');

DROP TABLE IF EXISTS `personal_access_tokens`;
CREATE TABLE `personal_access_tokens` (
  `id` bigint unsigned NOT NULL AUTO_INCREMENT,
  `tokenable_type` varchar(191) COLLATE utf8mb4_unicode_ci NOT NULL,
  `tokenable_id` bigint unsigned NOT NULL,
  `name` varchar(191) COLLATE utf8mb4_unicode_ci NOT NULL,
  `token` varchar(64) COLLATE utf8mb4_unicode_ci NOT NULL,
  `abilities` text COLLATE utf8mb4_unicode_ci,
  `last_used_at` timestamp NULL DEFAULT NULL,
  `created_at` timestamp NULL DEFAULT NULL,
  `updated_at` timestamp NULL DEFAULT NULL,
  PRIMARY KEY (`id`),
  UNIQUE KEY `personal_access_tokens_token_unique` (`token`),
  KEY `personal_access_tokens_tokenable_type_tokenable_id_index` (`tokenable_type`,`tokenable_id`)
) ENGINE=InnoDB DEFAULT CHARSET=utf8mb4 COLLATE=utf8mb4_unicode_ci;

INSERT INTO `personal_access_tokens` (`id`, `tokenable_type`, `tokenable_id`, `name`, `token`, `abilities`, `last_used_at`, `created_at`, `updated_at`) VALUES
(1,	'Vanguard\\User',	1,	'Iphone 11 Pro',	'4a740a9724cc347bb05b575e24164036f446767b6224011395f46dc2966351c0',	'[\"*\"]',	'2021-10-12 05:54:20',	'2021-10-08 23:23:27',	'2021-10-12 05:54:20'),
(2,	'Vanguard\\User',	1,	'Iphone 11 Pro',	'6ae81d94b10376c3c893b81379c5fcacd7a1f9f233db28dda5680afac8928e0d',	'[\"*\"]',	NULL,	'2021-10-08 23:40:58',	'2021-10-08 23:40:58'),
(3,	'Vanguard\\User',	1,	'Iphone 11 Pro',	'dc87a399826d1d731e98d2f9f019929d63a6c2f29b9d751e83eec42bf593a1f9',	'[\"*\"]',	NULL,	'2021-10-10 23:11:41',	'2021-10-10 23:11:41');

DROP TABLE IF EXISTS `roles`;
CREATE TABLE `roles` (
  `id` int unsigned NOT NULL AUTO_INCREMENT,
  `name` varchar(191) COLLATE utf8mb4_unicode_ci NOT NULL,
  `display_name` varchar(191) COLLATE utf8mb4_unicode_ci DEFAULT NULL,
  `description` varchar(191) COLLATE utf8mb4_unicode_ci DEFAULT NULL,
  `removable` tinyint(1) NOT NULL DEFAULT '1',
  `created_at` timestamp NULL DEFAULT NULL,
  `updated_at` timestamp NULL DEFAULT NULL,
  PRIMARY KEY (`id`),
  UNIQUE KEY `roles_name_unique` (`name`)
) ENGINE=InnoDB DEFAULT CHARSET=utf8mb4 COLLATE=utf8mb4_unicode_ci;

INSERT INTO `roles` (`id`, `name`, `display_name`, `description`, `removable`, `created_at`, `updated_at`) VALUES
(1,	'Admin',	'Admin',	'System administrator.',	0,	'2021-10-05 21:33:25',	'2021-10-05 21:33:25'),
(2,	'User',	'User',	'Default system user.',	0,	'2021-10-05 21:33:25',	'2021-10-05 21:33:25');

DROP TABLE IF EXISTS `sessions`;
CREATE TABLE `sessions` (
  `id` varchar(191) COLLATE utf8mb4_unicode_ci NOT NULL,
  `user_id` int DEFAULT NULL,
  `ip_address` varchar(45) COLLATE utf8mb4_unicode_ci DEFAULT NULL,
  `user_agent` text COLLATE utf8mb4_unicode_ci,
  `payload` text COLLATE utf8mb4_unicode_ci NOT NULL,
  `last_activity` int NOT NULL,
  UNIQUE KEY `sessions_id_unique` (`id`)
) ENGINE=InnoDB DEFAULT CHARSET=utf8mb4 COLLATE=utf8mb4_unicode_ci;

INSERT INTO `sessions` (`id`, `user_id`, `ip_address`, `user_agent`, `payload`, `last_activity`) VALUES
('6D5xjbWtrE9N7WgcTIpjm1wsiQwWOLMQMFoHqonv',	1,	'127.0.0.1',	'Mozilla/5.0 (X11; Linux x86_64) AppleWebKit/537.36 (KHTML, like Gecko) Chrome/94.0.4606.81 Safari/537.36',	'YTo1OntzOjY6Il90b2tlbiI7czo0MDoiSlluZFgybzVmdEh0RzJHOGlzNGZNQmdNZXp6RElOYnVMdTJUeGhvUCI7czozOiJ1cmwiO2E6MDp7fXM6OToiX3ByZXZpb3VzIjthOjE6e3M6MzoidXJsIjtzOjI4OiJodHRwOi8vbG9jYWxob3N0OjgwMDAvb3JkZXJzIjt9czo2OiJfZmxhc2giO2E6Mjp7czozOiJvbGQiO2E6MDp7fXM6MzoibmV3IjthOjA6e319czo1MDoibG9naW5fd2ViXzNkYzdhOTEzZWY1ZmQ0Yjg5MGVjYWJlMzQ4NzA4NTU3M2UxNmNmODIiO2k6MTt9',	1634010861),
('MBfPBLTpefk6IxoqdJkH529Bl9Ke1z4qUkQWiEVi',	1,	'127.0.0.1',	'Mozilla/5.0 (X11; Linux x86_64) AppleWebKit/537.36 (KHTML, like Gecko) Chrome/94.0.4606.81 Safari/537.36',	'YTo1OntzOjY6Il90b2tlbiI7czo0MDoid3JtZWpBTDBSdnRjaUkzQTQ2NFdETEg3WXJLM2k3aG5FTGtrQ3dwVSI7czozOiJ1cmwiO2E6MDp7fXM6OToiX3ByZXZpb3VzIjthOjE6e3M6MzoidXJsIjtzOjI4OiJodHRwOi8vbG9jYWxob3N0OjgwMDAvb3JkZXJzIjt9czo2OiJfZmxhc2giO2E6Mjp7czozOiJvbGQiO2E6MDp7fXM6MzoibmV3IjthOjA6e319czo1MDoibG9naW5fd2ViXzNkYzdhOTEzZWY1ZmQ0Yjg5MGVjYWJlMzQ4NzA4NTU3M2UxNmNmODIiO2k6MTt9',	1633963799);

DROP TABLE IF EXISTS `settings`;
CREATE TABLE `settings` (
  `id` int unsigned NOT NULL AUTO_INCREMENT,
  `key` varchar(191) COLLATE utf8mb4_unicode_ci NOT NULL,
  `value` text COLLATE utf8mb4_unicode_ci NOT NULL,
  PRIMARY KEY (`id`),
  KEY `settings_key_index` (`key`)
) ENGINE=InnoDB DEFAULT CHARSET=utf8mb4 COLLATE=utf8mb4_unicode_ci;


DROP TABLE IF EXISTS `social_logins`;
CREATE TABLE `social_logins` (
  `id` int unsigned NOT NULL AUTO_INCREMENT,
  `user_id` int unsigned NOT NULL,
  `provider` varchar(50) COLLATE utf8mb4_unicode_ci NOT NULL,
  `provider_id` varchar(191) COLLATE utf8mb4_unicode_ci NOT NULL,
  `avatar` varchar(191) COLLATE utf8mb4_unicode_ci NOT NULL,
  `created_at` timestamp NULL DEFAULT NULL,
  PRIMARY KEY (`id`),
  KEY `social_logins_user_id_foreign` (`user_id`),
  CONSTRAINT `social_logins_user_id_foreign` FOREIGN KEY (`user_id`) REFERENCES `users` (`id`) ON DELETE CASCADE
) ENGINE=InnoDB DEFAULT CHARSET=utf8mb4 COLLATE=utf8mb4_unicode_ci;


DROP TABLE IF EXISTS `t_orders`;
CREATE TABLE `t_orders` (
  `id` int unsigned NOT NULL AUTO_INCREMENT,
  `user_id` int unsigned NOT NULL,
  `restaurant_id` int unsigned NOT NULL,
  `status` tinyint DEFAULT NULL COMMENT '0 = Processing, 1 =  Success, 2 = Canceled',
  `total_payment` float DEFAULT NULL,
  `created_at` timestamp NULL DEFAULT NULL,
  `updated_at` timestamp NULL DEFAULT NULL,
  PRIMARY KEY (`id`),
  KEY `user_id` (`user_id`),
  KEY `restaurant_id` (`restaurant_id`),
  CONSTRAINT `t_orders_ibfk_1` FOREIGN KEY (`user_id`) REFERENCES `users` (`id`) ON DELETE RESTRICT ON UPDATE RESTRICT,
  CONSTRAINT `t_orders_ibfk_2` FOREIGN KEY (`restaurant_id`) REFERENCES `t_restaurants` (`id`) ON DELETE RESTRICT ON UPDATE RESTRICT
) ENGINE=InnoDB DEFAULT CHARSET=utf8mb4 COLLATE=utf8mb4_unicode_ci;

INSERT INTO `t_orders` (`id`, `user_id`, `restaurant_id`, `status`, `total_payment`, `created_at`, `updated_at`) VALUES
(1,	3,	1,	1,	75000,	'2021-10-10 23:08:03',	'2021-10-11 03:52:17'),
(2,	4,	1,	1,	60000,	'2021-10-10 23:13:11',	'2021-10-11 03:56:55'),
(3,	4,	1,	1,	65000,	'2021-10-10 23:14:56',	'2021-10-11 03:57:28'),
(4,	5,	1,	1,	65000,	'2021-10-10 23:16:05',	'2021-10-11 03:58:04'),
(6,	2,	1,	1,	80000,	'2021-10-10 23:17:12',	'2021-10-11 03:58:27'),
(7,	4,	6,	1,	113000,	'2021-10-11 00:31:40',	'2021-10-11 03:58:35'),
(8,	5,	6,	1,	68000,	'2021-10-11 00:32:31',	'2021-10-11 03:58:38'),
(9,	4,	6,	1,	156000,	'2021-10-11 00:33:41',	'2021-10-11 03:58:47'),
(10,	3,	5,	1,	40000,	'2021-10-11 01:17:28',	'2021-10-11 03:59:23'),
(11,	5,	5,	1,	70000,	'2021-10-11 01:19:16',	'2021-10-11 03:59:39'),
(12,	4,	4,	1,	181000,	'2021-10-11 04:37:16',	'2021-10-11 04:39:42'),
(13,	3,	4,	0,	119000,	'2021-10-11 04:43:36',	'2021-10-11 04:43:36');

DROP TABLE IF EXISTS `t_orders_detail`;
CREATE TABLE `t_orders_detail` (
  `id` int unsigned NOT NULL AUTO_INCREMENT,
  `order_id` int unsigned NOT NULL,
  `menu_id` int unsigned NOT NULL,
  `qty` int DEFAULT NULL,
  `total_price` float DEFAULT NULL,
  `notes` text COLLATE utf8mb4_unicode_ci,
  `created_at` timestamp NULL DEFAULT NULL,
  `updated_at` timestamp NULL DEFAULT NULL,
  PRIMARY KEY (`id`),
  KEY `order_id` (`order_id`),
  KEY `menu_id` (`menu_id`),
  CONSTRAINT `t_orders_detail_ibfk_1` FOREIGN KEY (`order_id`) REFERENCES `t_orders` (`id`) ON DELETE RESTRICT ON UPDATE RESTRICT,
  CONSTRAINT `t_orders_detail_ibfk_3` FOREIGN KEY (`menu_id`) REFERENCES `t_restaurants_menus` (`id`) ON DELETE RESTRICT ON UPDATE RESTRICT
) ENGINE=InnoDB DEFAULT CHARSET=utf8mb4 COLLATE=utf8mb4_unicode_ci;

INSERT INTO `t_orders_detail` (`id`, `order_id`, `menu_id`, `qty`, `total_price`, `notes`, `created_at`, `updated_at`) VALUES
(1,	1,	25,	1,	35000,	NULL,	'2021-10-10 23:08:03',	'2021-10-10 23:08:03'),
(2,	1,	29,	1,	25000,	NULL,	'2021-10-10 23:08:03',	'2021-10-10 23:08:03'),
(3,	1,	28,	1,	15000,	NULL,	'2021-10-10 23:08:03',	'2021-10-10 23:08:03'),
(4,	2,	25,	1,	35000,	NULL,	'2021-10-10 23:13:11',	'2021-10-10 23:13:11'),
(5,	2,	29,	1,	25000,	NULL,	'2021-10-10 23:13:11',	'2021-10-10 23:13:11'),
(6,	3,	26,	1,	50000,	NULL,	'2021-10-10 23:14:56',	'2021-10-10 23:14:56'),
(7,	3,	27,	1,	15000,	NULL,	'2021-10-10 23:14:56',	'2021-10-10 23:14:56'),
(8,	4,	26,	1,	50000,	NULL,	'2021-10-10 23:16:05',	'2021-10-10 23:16:05'),
(9,	4,	27,	1,	15000,	NULL,	'2021-10-10 23:16:05',	'2021-10-10 23:16:05'),
(12,	6,	26,	1,	50000,	NULL,	'2021-10-10 23:17:12',	'2021-10-10 23:17:12'),
(13,	6,	27,	1,	15000,	NULL,	'2021-10-10 23:17:12',	'2021-10-10 23:17:12'),
(14,	6,	28,	1,	15000,	NULL,	'2021-10-10 23:17:12',	'2021-10-10 23:17:12'),
(15,	7,	59,	1,	43000,	'more sauce please',	'2021-10-11 00:31:40',	'2021-10-11 00:31:40'),
(16,	7,	61,	1,	45000,	NULL,	'2021-10-11 00:31:40',	'2021-10-11 00:31:40'),
(17,	7,	63,	1,	25000,	NULL,	'2021-10-11 00:31:40',	'2021-10-11 00:31:40'),
(18,	8,	59,	1,	43000,	'more sauce please',	'2021-10-11 00:32:31',	'2021-10-11 00:32:31'),
(19,	8,	63,	1,	25000,	NULL,	'2021-10-11 00:32:31',	'2021-10-11 00:32:31'),
(20,	9,	59,	2,	86000,	'more sauce please',	'2021-10-11 00:33:41',	'2021-10-11 00:33:41'),
(21,	9,	61,	1,	45000,	NULL,	'2021-10-11 00:33:41',	'2021-10-11 00:33:41'),
(22,	9,	63,	1,	25000,	'more ice',	'2021-10-11 00:33:41',	'2021-10-11 00:33:41'),
(23,	10,	50,	1,	10000,	NULL,	'2021-10-11 01:17:28',	'2021-10-11 01:17:28'),
(24,	10,	53,	3,	30000,	NULL,	'2021-10-11 01:17:28',	'2021-10-11 01:17:28'),
(25,	11,	50,	1,	10000,	NULL,	'2021-10-11 01:19:16',	'2021-10-11 01:19:16'),
(26,	11,	54,	4,	40000,	NULL,	'2021-10-11 01:19:16',	'2021-10-11 01:19:16'),
(27,	11,	53,	2,	20000,	NULL,	'2021-10-11 01:19:16',	'2021-10-11 01:19:16'),
(28,	12,	41,	1,	61000,	'More sauce',	'2021-10-11 04:37:16',	'2021-10-11 04:37:16'),
(29,	12,	43,	1,	58000,	'More sauce',	'2021-10-11 04:37:16',	'2021-10-11 04:37:16'),
(30,	12,	48,	2,	62000,	NULL,	'2021-10-11 04:37:16',	'2021-10-11 04:37:16'),
(31,	13,	41,	1,	61000,	'More sauce',	'2021-10-11 04:43:36',	'2021-10-11 04:43:36'),
(32,	13,	43,	1,	58000,	'More sauce',	'2021-10-11 04:43:36',	'2021-10-11 04:43:36');

DROP TABLE IF EXISTS `t_restaurants`;
CREATE TABLE `t_restaurants` (
  `id` int unsigned NOT NULL AUTO_INCREMENT,
  `name` varchar(255) CHARACTER SET utf8mb4 COLLATE utf8mb4_unicode_ci NOT NULL,
  `address` text CHARACTER SET utf8mb4 COLLATE utf8mb4_unicode_ci,
  `map_lat` decimal(9,6) DEFAULT NULL,
  `map_long` decimal(9,6) DEFAULT NULL,
  `cash_balance` float DEFAULT NULL,
  `working_hours_mon` varchar(255) CHARACTER SET utf8mb4 COLLATE utf8mb4_unicode_ci DEFAULT NULL,
  `working_hours_tue` varchar(255) CHARACTER SET utf8mb4 COLLATE utf8mb4_unicode_ci DEFAULT NULL,
  `working_hours_wed` varchar(255) CHARACTER SET utf8mb4 COLLATE utf8mb4_unicode_ci DEFAULT NULL,
  `working_hours_thurs` varchar(255) CHARACTER SET utf8mb4 COLLATE utf8mb4_unicode_ci DEFAULT NULL,
  `working_hours_fri` varchar(255) CHARACTER SET utf8mb4 COLLATE utf8mb4_unicode_ci DEFAULT NULL,
  `working_hours_sat` varchar(255) CHARACTER SET utf8mb4 COLLATE utf8mb4_unicode_ci DEFAULT NULL,
  `working_hours_sun` varchar(255) CHARACTER SET utf8mb4 COLLATE utf8mb4_unicode_ci DEFAULT NULL,
  `open_fullday` tinyint(1) DEFAULT NULL,
  `status` tinyint(1) DEFAULT NULL,
  `created_at` timestamp NULL DEFAULT NULL,
  `updated_at` timestamp NULL DEFAULT NULL,
  PRIMARY KEY (`id`)
) ENGINE=InnoDB DEFAULT CHARSET=utf8mb4 COLLATE=utf8mb4_unicode_ci;

INSERT INTO `t_restaurants` (`id`, `name`, `address`, `map_lat`, `map_long`, `cash_balance`, `working_hours_mon`, `working_hours_tue`, `working_hours_wed`, `working_hours_thurs`, `working_hours_fri`, `working_hours_sat`, `working_hours_sun`, `open_fullday`, `status`, `created_at`, `updated_at`) VALUES
(1,	'KFC West Gatot Subroto Barat',	'Jalan Gatot Subroto Barat, Padangsambian Kaja, Denpasar City, Bali, Indonesia',	-8.636999,	115.184893,	1000000,	'10:00 - 21:00',	'10:00 - 21:00',	'10:00 - 21:00',	'10:00 - 21:00',	'10:00 - 21:00',	'10:00 - 21:00',	'10:00 - 21:00',	1,	1,	'2021-10-08 00:43:24',	'2021-10-09 01:46:06'),
(2,	'McDonalds West Gatot Subroto Barat',	'Jalan Gatot Subroto Barat, Padangsambian Kaja, Denpasar City, Bali, Indonesia',	-8.637126,	115.185575,	2000000,	'10:00 - 21:00',	'10:00 - 21:00',	'10:00 - 21:00',	'10:00 - 21:00',	'10:00 - 21:00',	'10:00 - 21:00',	'10:00 - 21:00',	1,	1,	'2021-10-08 05:05:43',	'2021-10-09 01:50:41'),
(4,	'PHD Dalung',	'Jalan Raya Padang Luwih, Dalung, Badung Regency, Bali, Indonesia',	-8.635170,	115.175600,	2000000,	'10:00 - 21:00',	'10:00 - 21:00',	'10:00 - 21:00',	'10:00 - 21:00',	'10:00 - 21:00',	'10:00 - 21:00',	'10:00 - 21:00',	NULL,	1,	'2021-10-09 01:58:08',	'2021-10-09 01:58:08'),
(5,	'Gacoan Noodle Dalung',	'Jalan Padang Luwih, Dalung, Badung Regency, Bali, Indonesia',	-8.630444,	115.175815,	3000000,	'10:00 - 22:00',	'10:00 - 22:00',	'10:00 - 22:00',	'10:00 - 22:00',	'10:00 - 22:00',	'10:00 - 22:00',	'10:00 - 22:00',	NULL,	1,	'2021-10-09 02:02:46',	'2021-10-09 02:02:46'),
(6,	'Burger King West Gatot Subroto',	'Jalan Gatot Subroto Barat, Padangsambian Kaja, Denpasar City, Bali, Indonesia',	-8.636909,	115.181640,	3000000,	'11:00 - 21:00',	'11:00 - 21:00',	'11:00 - 21:00',	'11:00 - 21:00',	'11:00 - 21:00',	'11:00 - 21:00',	'11:00 - 21:00',	1,	1,	'2021-10-09 02:09:23',	'2021-10-09 02:09:23');

DROP TABLE IF EXISTS `t_restaurants_menus`;
CREATE TABLE `t_restaurants_menus` (
  `id` int unsigned NOT NULL AUTO_INCREMENT,
  `restaurant_id` int unsigned NOT NULL,
  `category_id` int unsigned NOT NULL,
  `menu_name` varchar(255) CHARACTER SET utf8mb4 COLLATE utf8mb4_unicode_ci DEFAULT NULL,
  `menu_price` float DEFAULT NULL,
  `created_at` timestamp NULL DEFAULT NULL,
  `updated_at` timestamp NULL DEFAULT NULL,
  PRIMARY KEY (`id`),
  KEY `restaurant_id` (`restaurant_id`),
  KEY `category_id` (`category_id`),
  CONSTRAINT `t_restaurants_menus_ibfk_1` FOREIGN KEY (`restaurant_id`) REFERENCES `t_restaurants` (`id`) ON DELETE RESTRICT ON UPDATE RESTRICT,
  CONSTRAINT `t_restaurants_menus_ibfk_2` FOREIGN KEY (`category_id`) REFERENCES `m_category` (`id`) ON DELETE RESTRICT ON UPDATE RESTRICT
) ENGINE=InnoDB DEFAULT CHARSET=utf8mb4 COLLATE=utf8mb4_unicode_ci;

INSERT INTO `t_restaurants_menus` (`id`, `restaurant_id`, `category_id`, `menu_name`, `menu_price`, `created_at`, `updated_at`) VALUES
(25,	1,	1,	'Super Besar 1',	35000,	'2021-10-09 01:46:06',	'2021-10-09 01:46:06'),
(26,	1,	1,	'Super Besar 2',	50000,	'2021-10-09 01:46:06',	'2021-10-09 01:46:06'),
(27,	1,	2,	'Coca Cola',	15000,	'2021-10-09 01:46:06',	'2021-10-09 01:46:06'),
(28,	1,	2,	'Sprite',	15000,	'2021-10-09 01:46:06',	'2021-10-09 01:46:06'),
(29,	1,	1,	'Crispy Box',	25000,	'2021-10-09 01:46:06',	'2021-10-09 01:46:06'),
(30,	1,	2,	'Mineral Water',	NULL,	'2021-10-09 01:46:06',	'2021-10-09 01:46:06'),
(31,	2,	1,	'Big Mac Burger',	54000,	'2021-10-09 01:50:41',	'2021-10-09 01:50:41'),
(32,	2,	1,	'Double Cheese Burger',	45000,	'2021-10-09 01:50:41',	'2021-10-09 01:50:41'),
(33,	2,	1,	'Beef Burger',	34000,	'2021-10-09 01:50:41',	'2021-10-09 01:50:41'),
(34,	2,	1,	'Panas 1',	33000,	'2021-10-09 01:50:41',	'2021-10-09 01:50:41'),
(35,	2,	1,	'Panas 2 With Fries',	38000,	'2021-10-09 01:50:41',	'2021-10-09 01:50:41'),
(36,	2,	1,	'Chicken Burger Deluxe',	20000,	'2021-10-09 01:50:41',	'2021-10-09 01:50:41'),
(37,	2,	1,	'McSpicy',	25000,	'2021-10-09 01:50:41',	'2021-10-09 01:50:41'),
(38,	2,	2,	'Coca Cola',	14000,	'2021-10-09 01:50:41',	'2021-10-09 01:50:41'),
(39,	2,	2,	'Fanta',	14000,	'2021-10-09 01:50:41',	'2021-10-09 01:50:41'),
(40,	2,	2,	'Sprite',	14000,	'2021-10-09 01:50:41',	'2021-10-09 01:50:41'),
(41,	4,	1,	'Meat Lovers Regular',	58000,	'2021-10-09 01:58:08',	'2021-10-09 01:58:08'),
(42,	4,	1,	'Super Supreme Regular',	61000,	'2021-10-09 01:58:08',	'2021-10-09 01:58:08'),
(43,	4,	1,	'Chicken Lovers',	58000,	'2021-10-09 01:58:08',	'2021-10-09 01:58:08'),
(44,	4,	1,	'Tuna Melt',	60000,	'2021-10-09 01:58:08',	'2021-10-09 01:58:08'),
(45,	4,	1,	'Black Paper Chicken Fettuccine',	56000,	'2021-10-09 01:58:08',	'2021-10-09 01:58:08'),
(46,	4,	3,	'Garlic Bread',	24000,	'2021-10-09 01:58:08',	'2021-10-09 01:58:08'),
(47,	4,	2,	'Tropical Punch',	33000,	'2021-10-09 01:58:08',	'2021-10-09 01:58:08'),
(48,	4,	2,	'Blue Ocean',	31000,	'2021-10-09 01:58:08',	'2021-10-09 01:58:08'),
(49,	4,	2,	'Lychee Breeze',	31000,	'2021-10-09 01:58:08',	'2021-10-09 01:58:08'),
(50,	5,	1,	'Setan Noodle',	10000,	'2021-10-09 02:02:46',	'2021-10-09 02:02:46'),
(51,	5,	1,	'Iblis Noodle',	10000,	'2021-10-09 02:02:46',	'2021-10-09 02:02:46'),
(52,	5,	1,	'Angle Noodle',	10000,	'2021-10-09 02:02:46',	'2021-10-09 02:02:46'),
(53,	5,	3,	'Rambutan Dimsum',	10000,	'2021-10-09 02:02:46',	'2021-10-09 02:02:46'),
(54,	5,	3,	'Udang Keju Dimsum',	10000,	'2021-10-09 02:02:46',	'2021-10-09 02:02:46'),
(55,	5,	3,	'Siomay',	10000,	'2021-10-09 02:02:46',	'2021-10-09 02:02:46'),
(56,	5,	2,	'Setan Ice',	5000,	'2021-10-09 02:02:46',	'2021-10-09 02:02:46'),
(57,	5,	2,	'Tuyul Ice',	5000,	'2021-10-09 02:02:46',	'2021-10-09 02:02:46'),
(58,	5,	2,	'Green Tea',	9000,	'2021-10-09 02:02:46',	'2021-10-09 02:02:46'),
(59,	6,	1,	'Whopper',	43000,	'2021-10-09 02:09:23',	'2021-10-09 02:09:23'),
(60,	6,	1,	'Whopper Jr',	35000,	'2021-10-09 02:09:23',	'2021-10-09 02:09:23'),
(61,	6,	1,	'Cheese Burger',	45000,	'2021-10-09 02:09:23',	'2021-10-09 02:09:23'),
(62,	6,	1,	'King\'s Chicken Meal',	43000,	'2021-10-09 02:09:23',	'2021-10-09 02:09:23'),
(63,	6,	3,	'Large Coke',	25000,	'2021-10-09 02:09:23',	'2021-10-09 02:09:23'),
(64,	6,	3,	'Large Sprite',	25000,	'2021-10-09 02:09:23',	'2021-10-09 02:09:23'),
(65,	6,	3,	'Large Ice Lemon Tea',	25000,	'2021-10-09 02:09:23',	'2021-10-09 02:09:23');

DROP TABLE IF EXISTS `t_transactions`;
CREATE TABLE `t_transactions` (
  `id` int unsigned NOT NULL AUTO_INCREMENT,
  `user_id` int unsigned NOT NULL,
  `order_id` int unsigned NOT NULL,
  `total_payment` float NOT NULL,
  `payment_type` varchar(100) CHARACTER SET utf8mb4 COLLATE utf8mb4_unicode_ci DEFAULT NULL,
  `payment_completed_at` timestamp NULL DEFAULT NULL,
  PRIMARY KEY (`id`),
  KEY `user_id` (`user_id`),
  KEY `order_id` (`order_id`),
  CONSTRAINT `t_transactions_ibfk_1` FOREIGN KEY (`user_id`) REFERENCES `users` (`id`) ON DELETE RESTRICT ON UPDATE RESTRICT,
  CONSTRAINT `t_transactions_ibfk_2` FOREIGN KEY (`order_id`) REFERENCES `t_orders` (`id`) ON DELETE RESTRICT ON UPDATE RESTRICT
) ENGINE=InnoDB DEFAULT CHARSET=utf8mb4 COLLATE=utf8mb4_unicode_ci;

INSERT INTO `t_transactions` (`id`, `user_id`, `order_id`, `total_payment`, `payment_type`, `payment_completed_at`) VALUES
(1,	3,	1,	75000,	'Cash',	'2021-10-11 03:52:17'),
(2,	4,	2,	60000,	NULL,	'2021-10-11 03:56:55'),
(3,	4,	3,	65000,	NULL,	'2021-10-11 03:57:28'),
(4,	5,	4,	65000,	NULL,	'2021-10-11 03:58:04'),
(5,	2,	6,	80000,	NULL,	'2021-10-11 03:58:27'),
(6,	4,	7,	113000,	NULL,	'2021-10-11 03:58:35'),
(7,	5,	8,	68000,	NULL,	'2021-10-11 03:58:38'),
(8,	4,	9,	156000,	NULL,	'2021-10-11 03:58:46'),
(9,	4,	9,	156000,	NULL,	'2021-10-11 03:59:10'),
(10,	3,	10,	40000,	NULL,	'2021-10-11 03:59:23'),
(11,	5,	11,	70000,	NULL,	'2021-10-11 03:59:39'),
(12,	4,	12,	181000,	NULL,	'2021-10-11 04:39:42');

DROP TABLE IF EXISTS `user_activity`;
CREATE TABLE `user_activity` (
  `id` int unsigned NOT NULL AUTO_INCREMENT,
  `description` text COLLATE utf8mb4_unicode_ci NOT NULL,
  `user_id` int unsigned NOT NULL,
  `ip_address` varchar(45) COLLATE utf8mb4_unicode_ci NOT NULL,
  `user_agent` text COLLATE utf8mb4_unicode_ci NOT NULL,
  `created_at` timestamp NULL DEFAULT NULL,
  PRIMARY KEY (`id`),
  KEY `user_activity_user_id_foreign` (`user_id`),
  CONSTRAINT `user_activity_user_id_foreign` FOREIGN KEY (`user_id`) REFERENCES `users` (`id`) ON DELETE CASCADE
) ENGINE=InnoDB DEFAULT CHARSET=utf8mb4 COLLATE=utf8mb4_unicode_ci;

INSERT INTO `user_activity` (`id`, `description`, `user_id`, `ip_address`, `user_agent`, `created_at`) VALUES
(1,	'Logged in.',	1,	'127.0.0.1',	'Mozilla/5.0 (X11; Linux x86_64) AppleWebKit/537.36 (KHTML, like Gecko) Chrome/94.0.4606.71 Safari/537.36',	'2021-10-05 22:17:48'),
(2,	'Logged out.',	1,	'127.0.0.1',	'Mozilla/5.0 (X11; Linux x86_64) AppleWebKit/537.36 (KHTML, like Gecko) Chrome/94.0.4606.71 Safari/537.36',	'2021-10-05 22:29:51'),
(3,	'Logged in.',	1,	'127.0.0.1',	'Mozilla/5.0 (X11; Linux x86_64) AppleWebKit/537.36 (KHTML, like Gecko) Chrome/94.0.4606.71 Safari/537.36',	'2021-10-05 22:29:55'),
(4,	'Logged in.',	1,	'127.0.0.1',	'Mozilla/5.0 (X11; Linux x86_64) AppleWebKit/537.36 (KHTML, like Gecko) Chrome/94.0.4606.71 Safari/537.36',	'2021-10-06 16:33:19'),
(5,	'Updated website settings.',	1,	'127.0.0.1',	'Mozilla/5.0 (X11; Linux x86_64) AppleWebKit/537.36 (KHTML, like Gecko) Chrome/94.0.4606.71 Safari/537.36',	'2021-10-06 16:33:38'),
(6,	'Created new permission called Manage restaurant.',	1,	'127.0.0.1',	'Mozilla/5.0 (X11; Linux x86_64) AppleWebKit/537.36 (KHTML, like Gecko) Chrome/94.0.4606.71 Safari/537.36',	'2021-10-06 16:38:34'),
(7,	'Updated role permissions.',	1,	'127.0.0.1',	'Mozilla/5.0 (X11; Linux x86_64) AppleWebKit/537.36 (KHTML, like Gecko) Chrome/94.0.4606.71 Safari/537.36',	'2021-10-06 16:39:42'),
(8,	'Updated role permissions.',	1,	'127.0.0.1',	'Mozilla/5.0 (X11; Linux x86_64) AppleWebKit/537.36 (KHTML, like Gecko) Chrome/94.0.4606.71 Safari/537.36',	'2021-10-06 16:40:03'),
(9,	'Updated the permission named Manage Restaurant.',	1,	'127.0.0.1',	'Mozilla/5.0 (X11; Linux x86_64) AppleWebKit/537.36 (KHTML, like Gecko) Chrome/94.0.4606.71 Safari/537.36',	'2021-10-06 16:40:51'),
(10,	'Updated role permissions.',	1,	'127.0.0.1',	'Mozilla/5.0 (X11; Linux x86_64) AppleWebKit/537.36 (KHTML, like Gecko) Chrome/94.0.4606.71 Safari/537.36',	'2021-10-06 16:41:03'),
(11,	'Logged out.',	1,	'127.0.0.1',	'Mozilla/5.0 (X11; Linux x86_64) AppleWebKit/537.36 (KHTML, like Gecko) Chrome/94.0.4606.71 Safari/537.36',	'2021-10-06 16:49:30'),
(12,	'Logged in.',	2,	'127.0.0.1',	'Mozilla/5.0 (X11; Linux x86_64) AppleWebKit/537.36 (KHTML, like Gecko) Chrome/94.0.4606.71 Safari/537.36',	'2021-10-06 16:49:39'),
(13,	'Logged out.',	2,	'127.0.0.1',	'Mozilla/5.0 (X11; Linux x86_64) AppleWebKit/537.36 (KHTML, like Gecko) Chrome/94.0.4606.71 Safari/537.36',	'2021-10-06 16:49:45'),
(14,	'Logged in.',	3,	'127.0.0.1',	'Mozilla/5.0 (X11; Linux x86_64) AppleWebKit/537.36 (KHTML, like Gecko) Chrome/94.0.4606.71 Safari/537.36',	'2021-10-06 16:50:45'),
(15,	'Logged in.',	1,	'127.0.0.1',	'Mozilla/5.0 (X11; Linux x86_64) AppleWebKit/537.36 (KHTML, like Gecko) Chrome/94.0.4606.71 Safari/537.36',	'2021-10-07 18:21:00'),
(16,	'Updated role permissions.',	1,	'127.0.0.1',	'Mozilla/5.0 (X11; Linux x86_64) AppleWebKit/537.36 (KHTML, like Gecko) Chrome/94.0.4606.71 Safari/537.36',	'2021-10-07 19:20:36'),
(17,	'Updated the permission named Manage Restaurant.',	1,	'127.0.0.1',	'Mozilla/5.0 (X11; Linux x86_64) AppleWebKit/537.36 (KHTML, like Gecko) Chrome/94.0.4606.71 Safari/537.36',	'2021-10-07 19:32:53'),
(18,	'Logged in.',	1,	'127.0.0.1',	'Mozilla/5.0 (X11; Linux x86_64) AppleWebKit/537.36 (KHTML, like Gecko) Chrome/94.0.4606.71 Safari/537.36',	'2021-10-07 19:43:51'),
(19,	'Logged in.',	1,	'127.0.0.1',	'Mozilla/5.0 (X11; Linux x86_64) AppleWebKit/537.36 (KHTML, like Gecko) Chrome/94.0.4606.71 Safari/537.36',	'2021-10-07 20:47:05'),
(20,	'Logged in.',	1,	'127.0.0.1',	'Mozilla/5.0 (X11; Linux x86_64) AppleWebKit/537.36 (KHTML, like Gecko) Chrome/94.0.4606.71 Safari/537.36',	'2021-10-07 23:04:36'),
(21,	'Logged in.',	1,	'127.0.0.1',	'Mozilla/5.0 (X11; Linux x86_64) AppleWebKit/537.36 (KHTML, like Gecko) Chrome/94.0.4606.71 Safari/537.36',	'2021-10-08 05:01:42'),
(22,	'Logged in.',	1,	'127.0.0.1',	'Mozilla/5.0 (X11; Linux x86_64) AppleWebKit/537.36 (KHTML, like Gecko) Chrome/94.0.4606.81 Safari/537.36',	'2021-10-08 15:40:22'),
(23,	'Logged out.',	1,	'127.0.0.1',	'Mozilla/5.0 (X11; Linux x86_64) AppleWebKit/537.36 (KHTML, like Gecko) Chrome/94.0.4606.81 Safari/537.36',	'2021-10-08 15:40:36'),
(24,	'Logged in.',	1,	'127.0.0.1',	'Mozilla/5.0 (X11; Linux x86_64) AppleWebKit/537.36 (KHTML, like Gecko) Chrome/94.0.4606.81 Safari/537.36',	'2021-10-08 15:40:54'),
(25,	'Logged in.',	1,	'127.0.0.1',	'Mozilla/5.0 (X11; Linux x86_64) AppleWebKit/537.36 (KHTML, like Gecko) Chrome/94.0.4606.81 Safari/537.36',	'2021-10-08 22:20:21'),
(26,	'Created new permission called Manage Transaction & Orders.',	1,	'127.0.0.1',	'Mozilla/5.0 (X11; Linux x86_64) AppleWebKit/537.36 (KHTML, like Gecko) Chrome/94.0.4606.81 Safari/537.36',	'2021-10-08 22:21:25'),
(27,	'Updated role permissions.',	1,	'127.0.0.1',	'Mozilla/5.0 (X11; Linux x86_64) AppleWebKit/537.36 (KHTML, like Gecko) Chrome/94.0.4606.81 Safari/537.36',	'2021-10-08 22:21:31'),
(28,	'Updated the permission named Manage Transactions & Orders.',	1,	'127.0.0.1',	'Mozilla/5.0 (X11; Linux x86_64) AppleWebKit/537.36 (KHTML, like Gecko) Chrome/94.0.4606.81 Safari/537.36',	'2021-10-08 22:22:05'),
(29,	'Logged out.',	1,	'127.0.0.1',	'Mozilla/5.0 (X11; Linux x86_64) AppleWebKit/537.36 (KHTML, like Gecko) Chrome/94.0.4606.81 Safari/537.36',	'2021-10-08 23:22:47'),
(30,	'Logged in.',	1,	'127.0.0.1',	'PostmanRuntime/7.28.4',	'2021-10-08 23:23:27'),
(31,	'Logged in.',	1,	'127.0.0.1',	'Mozilla/5.0 (X11; Linux x86_64) AppleWebKit/537.36 (KHTML, like Gecko) Chrome/94.0.4606.81 Safari/537.36',	'2021-10-08 23:25:06'),
(32,	'Updated profile details for Vanguard.',	1,	'127.0.0.1',	'Mozilla/5.0 (X11; Linux x86_64) AppleWebKit/537.36 (KHTML, like Gecko) Chrome/94.0.4606.81 Safari/537.36',	'2021-10-08 23:25:47'),
(33,	'Updated profile details for shc6669@gmail.com.',	1,	'127.0.0.1',	'Mozilla/5.0 (X11; Linux x86_64) AppleWebKit/537.36 (KHTML, like Gecko) Chrome/94.0.4606.81 Safari/537.36',	'2021-10-08 23:26:28'),
(34,	'Updated profile details for sherlock_666@live.com.',	1,	'127.0.0.1',	'Mozilla/5.0 (X11; Linux x86_64) AppleWebKit/537.36 (KHTML, like Gecko) Chrome/94.0.4606.81 Safari/537.36',	'2021-10-08 23:26:58'),
(35,	'Updated profile details for chandrayana_paq@yahoo.com.',	1,	'127.0.0.1',	'Mozilla/5.0 (X11; Linux x86_64) AppleWebKit/537.36 (KHTML, like Gecko) Chrome/94.0.4606.81 Safari/537.36',	'2021-10-08 23:27:11'),
(36,	'Updated profile details for arsyanendra.reyswara@gmail.com.',	1,	'127.0.0.1',	'Mozilla/5.0 (X11; Linux x86_64) AppleWebKit/537.36 (KHTML, like Gecko) Chrome/94.0.4606.81 Safari/537.36',	'2021-10-08 23:27:34'),
(37,	'Updated profile details for Indiana Jones.',	1,	'127.0.0.1',	'Mozilla/5.0 (X11; Linux x86_64) AppleWebKit/537.36 (KHTML, like Gecko) Chrome/94.0.4606.81 Safari/537.36',	'2021-10-08 23:28:02'),
(38,	'Updated profile details for arsyanendra.reyswara@gmail.com.',	1,	'127.0.0.1',	'Mozilla/5.0 (X11; Linux x86_64) AppleWebKit/537.36 (KHTML, like Gecko) Chrome/94.0.4606.81 Safari/537.36',	'2021-10-08 23:28:24'),
(39,	'Updated profile details for John Wick.',	1,	'127.0.0.1',	'Mozilla/5.0 (X11; Linux x86_64) AppleWebKit/537.36 (KHTML, like Gecko) Chrome/94.0.4606.81 Safari/537.36',	'2021-10-08 23:32:07'),
(40,	'Updated profile avatar.',	1,	'127.0.0.1',	'Mozilla/5.0 (X11; Linux x86_64) AppleWebKit/537.36 (KHTML, like Gecko) Chrome/94.0.4606.81 Safari/537.36',	'2021-10-08 23:35:12'),
(41,	'Logged in.',	1,	'127.0.0.1',	'PostmanRuntime/7.28.4',	'2021-10-08 23:40:58'),
(42,	'Logged in.',	1,	'127.0.0.1',	'Mozilla/5.0 (X11; Linux x86_64) AppleWebKit/537.36 (KHTML, like Gecko) Chrome/94.0.4606.81 Safari/537.36',	'2021-10-09 01:42:29'),
(43,	'Logged out.',	1,	'127.0.0.1',	'Mozilla/5.0 (X11; Linux x86_64) AppleWebKit/537.36 (KHTML, like Gecko) Chrome/94.0.4606.81 Safari/537.36',	'2021-10-09 02:10:05'),
(44,	'Logged in.',	1,	'127.0.0.1',	'PostmanRuntime/7.28.4',	'2021-10-10 23:11:41'),
(45,	'Logged in.',	1,	'127.0.0.1',	'Mozilla/5.0 (X11; Linux x86_64) AppleWebKit/537.36 (KHTML, like Gecko) Chrome/94.0.4606.81 Safari/537.36',	'2021-10-10 23:18:19'),
(46,	'Logged in.',	1,	'127.0.0.1',	'Mozilla/5.0 (X11; Linux x86_64) AppleWebKit/537.36 (KHTML, like Gecko) Chrome/94.0.4606.81 Safari/537.36',	'2021-10-11 19:54:19');

DROP TABLE IF EXISTS `users`;
CREATE TABLE `users` (
  `id` int unsigned NOT NULL AUTO_INCREMENT,
  `email` varchar(191) COLLATE utf8mb4_unicode_ci NOT NULL,
  `username` varchar(191) COLLATE utf8mb4_unicode_ci DEFAULT NULL,
  `password` varchar(191) COLLATE utf8mb4_unicode_ci NOT NULL,
  `first_name` varchar(191) COLLATE utf8mb4_unicode_ci DEFAULT NULL,
  `last_name` varchar(191) COLLATE utf8mb4_unicode_ci DEFAULT NULL,
  `phone` varchar(191) COLLATE utf8mb4_unicode_ci DEFAULT NULL,
  `avatar` varchar(191) COLLATE utf8mb4_unicode_ci DEFAULT NULL,
  `address` varchar(191) COLLATE utf8mb4_unicode_ci DEFAULT NULL,
  `country_id` int unsigned DEFAULT NULL,
  `role_id` int unsigned NOT NULL,
  `birthday` date DEFAULT NULL,
  `last_login` timestamp NULL DEFAULT NULL,
  `status` varchar(20) COLLATE utf8mb4_unicode_ci NOT NULL,
  `two_factor_country_code` int DEFAULT NULL,
  `two_factor_phone` int DEFAULT NULL,
  `two_factor_options` text COLLATE utf8mb4_unicode_ci,
  `email_verified_at` timestamp NULL DEFAULT NULL,
  `remember_token` varchar(100) COLLATE utf8mb4_unicode_ci DEFAULT NULL,
  `created_at` timestamp NULL DEFAULT NULL,
  `updated_at` timestamp NULL DEFAULT NULL,
  `announcements_last_read_at` timestamp NULL DEFAULT NULL,
  PRIMARY KEY (`id`),
  UNIQUE KEY `users_email_unique` (`email`),
  KEY `users_created_at_index` (`created_at`),
  KEY `users_username_index` (`username`),
  KEY `users_status_index` (`status`),
  KEY `users_country_id_foreign` (`country_id`),
  KEY `users_role_id_foreign` (`role_id`),
  CONSTRAINT `users_country_id_foreign` FOREIGN KEY (`country_id`) REFERENCES `countries` (`id`) ON DELETE SET NULL,
  CONSTRAINT `users_role_id_foreign` FOREIGN KEY (`role_id`) REFERENCES `roles` (`id`)
) ENGINE=InnoDB DEFAULT CHARSET=utf8mb4 COLLATE=utf8mb4_unicode_ci;

INSERT INTO `users` (`id`, `email`, `username`, `password`, `first_name`, `last_name`, `phone`, `avatar`, `address`, `country_id`, `role_id`, `birthday`, `last_login`, `status`, `two_factor_country_code`, `two_factor_phone`, `two_factor_options`, `email_verified_at`, `remember_token`, `created_at`, `updated_at`, `announcements_last_read_at`) VALUES
(1,	'admin@admin.com',	'admin',	'$2y$10$YSt8gCYIc7E4HTBsL27ZJeqGKmb/cg4f2hpTKFJAWfU9bzap7A5s2',	'Chandrayana',	'Putra',	NULL,	'VUms2h7yYQk6q6ZzirhgEGTDbGfdg4KepoxQNj39.jpg',	NULL,	360,	1,	'1986-11-17',	'2021-10-11 19:54:19',	'Active',	NULL,	NULL,	NULL,	'2021-10-05 21:33:25',	NULL,	'2021-10-05 21:33:25',	'2021-10-11 19:54:19',	NULL),
(2,	'shc6669@gmail.com',	'indiana.jones',	'$2y$10$I3exPE/DggCRHDxBf4/9YuYBs/Ogo1QH8WGLfMCEkjQ1cF/wy0ZHa',	'Indiana',	'Jones',	NULL,	NULL,	NULL,	840,	2,	NULL,	'2021-10-06 16:49:39',	'Active',	NULL,	NULL,	NULL,	'2021-10-06 16:48:18',	NULL,	'2021-10-06 16:48:18',	'2021-10-08 23:28:02',	NULL),
(3,	'sherlock_666@live.com',	'sherlock',	'$2y$10$f8LhEL.H/Y9gCQYl5E3iSu52w5/kGGit.vjXALX9e8d3jHJu7NCBO',	'Sherlock',	'Holmes',	NULL,	NULL,	NULL,	826,	2,	NULL,	'2021-10-06 16:50:45',	'Active',	NULL,	NULL,	NULL,	'2021-10-06 16:50:08',	NULL,	'2021-10-06 16:50:08',	'2021-10-08 23:26:58',	NULL),
(4,	'chandrayana_paq@yahoo.com',	'chandrayana',	'$2y$10$mLzY9fF/5QDzEvjLvEoKkeA4a9um0I79ATxmKPFKIQyttz9pHbN0y',	'Chandrayana',	'Putra',	NULL,	NULL,	'Jl. Kaswari 1663/64 Bukit Nusa Indah, Serua Ciputat',	360,	2,	NULL,	NULL,	'Active',	NULL,	NULL,	NULL,	'2021-10-06 16:51:14',	NULL,	'2021-10-06 16:51:14',	'2021-10-08 23:27:11',	NULL),
(5,	'arsyanendra.reyswara@gmail.com',	'john.wick',	'$2y$10$2yeAEX4orqwXkIz8uz04cu13MrXfGBfPHRJlO9rLW.Q8MjPw5wXMa',	'John',	'Wick',	NULL,	'BLWneXZjvo6j9pHqgr4iPJLa70bvPp9h5XgL9aTi.png',	NULL,	NULL,	2,	NULL,	NULL,	'Active',	NULL,	NULL,	NULL,	'2021-10-06 17:00:12',	NULL,	'2021-10-06 17:00:12',	'2021-10-08 23:32:07',	NULL);

-- 2021-10-12 13:57:03
